"Data";"Hora (UTC)";"Temp. Ins. (C)";"Temp. Max. (C)";"Temp. Min. (C)";"Umi. Ins. (%)";"Umi. Max. (%)";"Umi. Min. (%)";"Pto Orvalho Ins. (C)";"Pto Orvalho Max. (C)";"Pto Orvalho Min. (C)";"Pressao Ins. (hPa)";"Pressao Max. (hPa)";"Pressao Min. (hPa)";"Vel. Vento (m/s)";"Dir. Vento (m/s)";"Raj. Vento (m/s)";"Radiacao (KJ/m²)";"Chuva (mm)"
"01/04/2026";"0000";"16,5";"17,0";"16,5";"";"";"";"";"";"";"906,8";"906,8";"906,4";"3,5";"33,0";"6,8";"";"0,0"
"01/04/2026";"0100";"16,7";"16,7";"16,3";"";"";"";"";"";"";"907,5";"907,5";"906,8";"3,0";"47,0";"6,4";"";"0,0"
"01/04/2026";"0200";"17,0";"17,0";"16,7";"";"";"";"";"";"";"907,4";"907,5";"907,4";"3,7";"66,0";"7,2";"";"0,0"
"01/04/2026";"0300";"16,9";"17,0";"16,9";"";"";"";"";"";"";"906,8";"907,4";"906,8";"4,4";"34,0";"6,1";"";"0,0"
"01/04/2026";"0400";"16,8";"16,9";"16,7";"";"";"";"17,4";"";"";"906,6";"906,9";"906,6";"3,8";"57,0";"7,4";"";"0,0"
"01/04/2026";"0500";"16,8";"16,9";"16,7";"94,0";"";"94,0";"15,8";"17,4";"15,8";"906,3";"906,6";"906,2";"4,3";"68,0";"7,4";"";"0,0"
"01/04/2026";"0600";"16,5";"16,8";"16,5";"";"";"89,0";"";"17,1";"14,9";"905,6";"906,4";"905,6";"3,7";"27,0";"6,3";"";"0,0"
"01/04/2026";"0700";"15,1";"16,5";"15,1";"";"";"";"";"";"";"905,6";"905,6";"905,5";"2,5";"55,0";"5,4";"";"0,0"
"01/04/2026";"0800";"14,6";"15,1";"14,5";"";"";"";"";"";"";"905,3";"905,6";"905,2";"1,3";"50,0";"3,6";"";"0,0"
"01/04/2026";"0900";"14,0";"14,6";"13,9";"";"";"";"";"";"";"905,6";"905,6";"905,3";"2,6";"85,0";"3,2";"";"0,0"
"01/04/2026";"1000";"13,7";"14,5";"13,7";"";"";"";"";"";"";"906,1";"906,1";"905,6";"1,0";"30,0";"3,4";"16,40";"0,0"
"01/04/2026";"1100";"15,1";"15,2";"13,5";"";"";"";"";"";"";"907,0";"907,0";"906,1";"2,2";"66,0";"3,1";"200,50";"0,0"
"01/04/2026";"1200";"17,9";"18,3";"15,1";"85,0";"";"";"15,3";"";"";"907,5";"907,5";"907,1";"3,4";"65,0";"5,2";"919,00";"0,0"
"01/04/2026";"1300";"19,4";"19,9";"17,8";"79,0";"87,0";"74,0";"15,6";"16,1";"14,5";"907,7";"907,7";"907,4";"3,6";"73,0";"6,3";"1779,30";"0,0"
"01/04/2026";"1400";"20,1";"20,8";"19,0";"70,0";"80,0";"68,0";"14,5";"15,9";"14,4";"907,4";"907,7";"907,3";"4,8";"44,0";"6,8";"1833,80";"0,0"
"01/04/2026";"1500";"21,2";"21,5";"20,1";"69,0";"73,0";"66,0";"15,2";"15,6";"14,5";"906,8";"907,4";"906,8";"4,8";"43,0";"8,3";"2177,80";"0,0"
"01/04/2026";"1600";"21,5";"22,2";"20,9";"67,0";"71,0";"63,0";"15,2";"15,9";"14,2";"906,2";"906,8";"906,2";"2,9";"30,0";"7,2";"1584,30";"0,0"
"01/04/2026";"1700";"21,4";"22,3";"21,3";"67,0";"70,0";"64,0";"15,1";"16,0";"14,8";"905,5";"906,2";"905,5";"3,8";"65,0";"7,6";"1292,80";"0,0"
"01/04/2026";"1800";"22,8";"23,2";"21,4";"64,0";"69,0";"60,0";"15,6";"16,2";"14,4";"904,9";"905,5";"904,9";"3,0";"67,0";"6,4";"1939,10";"0,0"
"01/04/2026";"1900";"23,3";"23,7";"22,1";"60,0";"65,0";"60,0";"15,1";"15,9";"14,6";"904,5";"904,9";"904,5";"5,1";"109,0";"6,8";"1551,40";"0,0"
"01/04/2026";"2000";"20,4";"23,3";"20,4";"75,0";"76,0";"60,0";"15,9";"16,0";"14,9";"905,1";"905,1";"904,4";"4,3";"56,0";"8,0";"664,30";"0,0"
"01/04/2026";"2100";"19,3";"20,4";"19,3";"70,0";"79,0";"69,0";"13,8";"16,2";"13,8";"905,0";"905,3";"905,0";"4,3";"21,0";"7,1";"171,90";"0,0"
"01/04/2026";"2200";"18,2";"19,3";"18,1";"80,0";"80,0";"70,0";"14,7";"14,8";"13,7";"905,0";"905,1";"904,9";"3,2";"67,0";"6,1";"3,80";"0,0"
"01/04/2026";"2300";"17,7";"18,3";"17,7";"85,0";"85,0";"80,0";"15,1";"15,3";"14,5";"906,1";"906,1";"904,9";"2,1";"25,0";"4,9";"";"0,0"
"02/04/2026";"0000";"17,9";"18,0";"17,6";"83,0";"85,0";"81,0";"14,9";"15,3";"14,6";"906,7";"906,7";"906,1";"1,4";"339,0";"3,3";"";"0,0"
"02/04/2026";"0100";"17,3";"18,0";"17,2";"91,0";"91,0";"83,0";"15,8";"15,8";"14,8";"907,1";"907,1";"906,7";"1,3";"25,0";"3,3";"";"0,0"
"02/04/2026";"0200";"17,7";"17,8";"17,0";"";"";"91,0";"";"";"";"907,3";"907,4";"907,1";"3,7";"31,0";"5,1";"";"0,0"
"02/04/2026";"0300";"17,8";"17,9";"17,6";"";"";"";"";"";"";"907,1";"907,3";"907,0";"2,9";"60,0";"5,1";"";"0,0"
"02/04/2026";"0400";"17,9";"17,9";"17,8";"";"";"";"";"";"";"906,9";"907,2";"906,9";"2,2";"74,0";"4,9";"";"0,0"
"02/04/2026";"0500";"17,9";"17,9";"17,7";"";"";"";"";"";"";"906,4";"906,9";"906,4";"3,0";"88,0";"4,0";"";"0,0"
"02/04/2026";"0600";"17,8";"17,9";"17,8";"";"";"";"";"";"";"906,2";"906,4";"906,2";"2,4";"61,0";"5,0";"";"0,0"
"02/04/2026";"0700";"17,8";"18,0";"17,8";"";"";"";"";"";"";"905,9";"906,2";"905,9";"2,1";"106,0";"3,7";"";"0,0"
"02/04/2026";"0800";"17,3";"17,8";"17,2";"";"";"";"";"";"";"905,9";"905,9";"905,7";"0,9";"19,0";"3,1";"";"0,0"
"02/04/2026";"0900";"17,1";"17,3";"17,0";"";"";"";"";"";"";"906,2";"906,3";"905,8";"1,3";"79,0";"2,0";"";"0,0"
"02/04/2026";"1000";"17,2";"17,4";"16,5";"";"";"";"";"";"";"906,7";"906,8";"906,2";"1,5";"76,0";"5,7";"4,90";"2,0"
"02/04/2026";"1100";"19,2";"19,2";"16,8";"";"";"";"";"";"";"906,8";"906,8";"906,6";"0,9";"65,0";"2,5";"412,60";"0,0"
"02/04/2026";"1200";"20,8";"21,6";"19,2";"85,0";"";"79,0";"18,3";"20,1";"16,7";"907,0";"907,0";"906,8";"2,8";"340,0";"4,1";"1541,20";"0,0"
"02/04/2026";"1300";"21,1";"21,4";"20,2";"87,0";"91,0";"83,0";"18,8";"19,4";"17,7";"907,2";"907,3";"907,0";"2,8";"339,0";"4,5";"1197,70";"0,0"
"02/04/2026";"1400";"23,1";"23,2";"21,1";"74,0";"89,0";"73,0";"18,2";"20,3";"17,8";"907,2";"907,3";"907,2";"3,2";"306,0";"6,0";"1865,90";"0,0"
"02/04/2026";"1500";"25,4";"25,4";"22,4";"69,0";"78,0";"66,0";"19,3";"19,5";"16,7";"906,8";"907,2";"906,8";"2,3";"317,0";"6,6";"2744,30";"0,0"
"02/04/2026";"1600";"26,6";"27,0";"24,0";"54,0";"69,0";"52,0";"16,4";"19,1";"15,6";"906,4";"906,8";"906,3";"2,9";"295,0";"8,5";"3135,90";"0,0"
"02/04/2026";"1700";"26,9";"26,9";"24,1";"47,0";"60,0";"46,0";"14,6";"16,6";"13,7";"905,5";"906,4";"905,5";"2,9";"312,0";"6,4";"2064,40";"0,0"
"02/04/2026";"1800";"25,6";"26,9";"25,6";"46,0";"51,0";"43,0";"13,3";"14,8";"12,9";"905,2";"905,5";"905,2";"2,6";"264,0";"5,5";"1700,10";"0,0"
"02/04/2026";"1900";"23,5";"25,6";"23,2";"62,0";"63,0";"46,0";"15,8";"16,3";"13,2";"905,5";"905,5";"905,2";"4,5";"204,0";"10,4";"1652,30";"0,0"
"02/04/2026";"2000";"21,1";"23,7";"21,1";"69,0";"69,0";"58,0";"15,2";"15,9";"14,3";"906,7";"906,7";"905,4";"4,9";"233,0";"8,4";"639,00";"0,0"
"02/04/2026";"2100";"19,8";"21,2";"19,7";"73,0";"74,0";"69,0";"14,9";"15,4";"14,6";"906,6";"906,7";"906,3";"3,3";"110,0";"8,4";"214,70";"0,0"
"02/04/2026";"2200";"18,5";"19,8";"18,5";"77,0";"77,0";"71,0";"14,5";"14,8";"14,1";"907,2";"907,2";"906,6";"3,6";"85,0";"7,3";"10,60";"0,0"
"02/04/2026";"2300";"17,4";"18,5";"17,1";"90,0";"91,0";"77,0";"15,7";"15,8";"14,4";"907,4";"907,4";"907,2";"2,4";"60,0";"5,0";"";"0,0"
"03/04/2026";"0000";"16,6";"17,4";"16,4";"94,0";"95,0";"89,0";"15,6";"15,9";"15,2";"908,0";"908,0";"907,4";"2,0";"89,0";"5,0";"";"0,0"
"03/04/2026";"0100";"16,2";"16,7";"16,1";"";"";"92,0";"16,7";"16,8";"15,1";"908,5";"908,5";"908,0";"1,1";"348,0";"3,3";"";"0,0"
"03/04/2026";"0200";"15,5";"16,2";"15,4";"";"";"97,0";"";"16,8";"15,4";"908,3";"908,5";"908,3";"1,0";"26,0";"2,0";"";"0,0"
"03/04/2026";"0300";"15,9";"16,0";"15,5";"";"";"";"";"";"";"907,8";"908,3";"907,8";"1,2";"165,0";"2,3";"";"0,0"
"03/04/2026";"0400";"14,9";"15,9";"14,9";"";"";"";"";"";"";"907,9";"908,0";"907,6";"0,4";"213,0";"2,0";"";"0,0"
"03/04/2026";"0500";"14,5";"14,9";"14,4";"";"";"";"";"";"";"907,7";"907,9";"907,6";"0,6";"25,0";"2,1";"";"0,0"
"03/04/2026";"0600";"13,9";"14,6";"13,9";"";"";"";"";"";"";"907,9";"907,9";"907,7";"2,0";"103,0";"2,7";"";"0,0"
"03/04/2026";"0700";"13,5";"13,9";"13,5";"";"";"";"";"";"";"907,5";"907,9";"907,5";"1,5";"96,0";"2,6";"";"0,0"
"03/04/2026";"0800";"13,5";"13,7";"13,1";"";"";"";"";"";"";"907,7";"907,8";"907,3";"1,0";"290,0";"2,2";"";"0,2"
"03/04/2026";"0900";"13,5";"13,8";"13,4";"";"";"";"";"";"";"908,1";"908,1";"907,7";"0,9";"116,0";"1,7";"";"0,0"
"03/04/2026";"1000";"14,2";"14,2";"13,5";"";"";"";"";"";"";"908,5";"908,5";"908,1";"0,7";"174,0";"2,4";"19,30";"0,0"
"03/04/2026";"1100";"15,5";"15,5";"14,2";"";"";"";"";"";"";"908,9";"908,9";"908,5";"1,2";"83,0";"2,5";"292,80";"0,0"
"03/04/2026";"1200";"17,0";"17,4";"15,5";"";"";"";"";"";"";"909,2";"909,2";"908,9";"2,4";"72,0";"3,7";"652,30";"0,0"
"03/04/2026";"1300";"20,9";"21,3";"17,0";"80,0";"";"";"17,2";"";"";"909,4";"909,5";"909,2";"1,4";"37,0";"3,7";"1908,20";"0,0"
"03/04/2026";"1400";"23,3";"23,3";"20,8";"71,0";"84,0";"69,0";"17,8";"18,6";"16,8";"909,2";"909,4";"909,2";"1,9";"293,0";"5,1";"2817,70";"0,0"
"03/04/2026";"1500";"24,9";"25,7";"23,0";"58,0";"72,0";"57,0";"16,1";"18,0";"15,8";"908,8";"909,2";"908,8";"3,1";"312,0";"7,2";"3025,20";"0,0"
"03/04/2026";"1600";"26,3";"26,3";"24,1";"55,0";"62,0";"54,0";"16,6";"17,5";"15,3";"908,3";"908,8";"908,3";"3,2";"288,0";"8,0";"2901,40";"0,0"
"03/04/2026";"1700";"25,4";"27,1";"25,4";"53,0";"56,0";"47,0";"15,1";"16,4";"14,2";"907,6";"908,3";"907,6";"4,0";"290,0";"7,5";"2620,10";"0,0"
"03/04/2026";"1800";"27,0";"27,4";"25,3";"44,0";"54,0";"44,0";"13,8";"16,1";"13,8";"906,8";"907,6";"906,7";"4,2";"308,0";"7,2";"2616,00";"0,0"
"03/04/2026";"1900";"26,6";"27,8";"26,0";"48,0";"50,0";"43,0";"14,8";"15,6";"13,9";"906,6";"906,8";"906,5";"4,5";"278,0";"7,5";"1754,00";"0,0"
"03/04/2026";"2000";"26,3";"27,2";"26,1";"49,0";"50,0";"45,0";"14,8";"15,1";"14,1";"906,5";"906,6";"906,4";"3,8";"282,0";"7,3";"1178,90";"0,0"
"03/04/2026";"2100";"22,4";"26,5";"22,4";"64,0";"64,0";"48,0";"15,1";"15,5";"14,5";"907,3";"907,3";"906,5";"3,8";"202,0";"10,3";"339,70";"0,0"
"03/04/2026";"2200";"21,7";"22,4";"21,6";"67,0";"67,0";"63,0";"15,3";"15,4";"15,1";"907,6";"907,6";"907,2";"1,2";"227,0";"7,0";"11,10";"0,0"
"03/04/2026";"2300";"20,3";"21,8";"20,2";"73,0";"75,0";"66,0";"15,4";"15,7";"15,1";"907,9";"907,9";"907,6";"1,0";"328,0";"1,7";"";"0,0"
"04/04/2026";"0000";"20,3";"21,0";"19,8";"73,0";"76,0";"71,0";"15,4";"15,6";"15,2";"908,5";"908,5";"907,9";"1,0";"188,0";"1,5";"";"0,0"
"04/04/2026";"0100";"19,5";"20,3";"19,3";"78,0";"79,0";"73,0";"15,5";"15,6";"15,2";"909,0";"909,0";"908,5";"1,1";"84,0";"1,8";"";"0,0"
"04/04/2026";"0200";"17,9";"19,5";"17,8";"87,0";"87,0";"78,0";"15,8";"15,8";"15,2";"909,1";"909,2";"909,0";"1,8";"356,0";"2,4";"";"0,0"
"04/04/2026";"0300";"18,7";"18,9";"18,0";"82,0";"87,0";"80,0";"15,5";"15,9";"15,2";"909,1";"909,2";"909,1";"0,8";"36,0";"2,4";"";"0,0"
"04/04/2026";"0400";"18,4";"19,1";"17,9";"91,0";"91,0";"81,0";"17,0";"17,0";"15,4";"909,2";"909,3";"909,1";"1,8";"79,0";"3,5";"";"0,0"
"04/04/2026";"0500";"18,6";"18,7";"18,2";"";"";"";"";"";"";"908,7";"909,2";"908,7";"1,6";"50,0";"3,9";"";"0,0"
"04/04/2026";"0600";"18,9";"18,9";"18,6";"";"";"";"";"";"";"908,3";"908,7";"908,3";"1,5";"63,0";"3,0";"";"0,0"
"04/04/2026";"0700";"18,9";"19,0";"18,8";"";"";"";"";"";"";"908,1";"908,3";"908,1";"1,6";"82,0";"2,5";"";"0,0"
"04/04/2026";"0800";"18,8";"18,9";"18,7";"";"";"";"";"";"";"908,0";"908,1";"907,9";"1,0";"100,0";"2,3";"";"0,0"
"04/04/2026";"0900";"18,6";"18,8";"18,6";"";"";"";"";"";"";"908,2";"908,2";"908,0";"1,7";"66,0";"2,5";"";"0,0"
"04/04/2026";"1000";"18,7";"18,7";"18,6";"";"";"";"";"";"";"908,8";"908,9";"908,2";"0,9";"74,0";"2,5";"14,70";"0,0"
"04/04/2026";"1100";"19,3";"19,4";"18,6";"";"";"";"";"";"";"909,2";"909,2";"908,8";"1,9";"79,0";"2,6";"272,10";"0,0"
"04/04/2026";"1200";"22,1";"22,1";"19,3";"82,0";"";"82,0";"18,8";"20,9";"18,3";"910,0";"910,0";"909,2";"0,9";"22,0";"2,7";"1347,40";"0,0"
"04/04/2026";"1300";"23,8";"24,5";"21,9";"68,0";"84,0";"66,0";"17,5";"19,5";"17,3";"910,0";"910,0";"910,0";"2,1";"309,0";"5,2";"2274,70";"0,0"
"04/04/2026";"1400";"25,4";"25,7";"23,7";"63,0";"71,0";"62,0";"17,9";"19,0";"17,4";"909,7";"910,0";"909,6";"3,5";"274,0";"6,6";"2369,30";"0,0"
"04/04/2026";"1500";"26,8";"27,2";"24,6";"54,0";"64,0";"54,0";"16,8";"18,5";"16,3";"909,3";"909,7";"909,3";"2,0";"276,0";"6,7";"2822,90";"0,0"
"04/04/2026";"1600";"28,2";"28,4";"25,3";"46,0";"60,0";"46,0";"15,7";"17,7";"15,7";"908,7";"909,3";"908,7";"3,6";"271,0";"8,7";"2583,40";"0,0"
"04/04/2026";"1700";"28,1";"28,6";"26,4";"42,0";"50,0";"41,0";"14,1";"16,0";"13,7";"908,1";"908,7";"908,1";"4,4";"254,0";"8,9";"2500,30";"0,0"
"04/04/2026";"1800";"27,9";"28,8";"26,7";"44,0";"44,0";"39,0";"14,5";"14,9";"12,8";"908,0";"908,1";"908,0";"4,6";"257,0";"8,6";"2388,90";"0,0"
"04/04/2026";"1900";"28,5";"28,8";"27,7";"34,0";"44,0";"32,0";"11,2";"14,2";"10,1";"907,4";"908,0";"907,4";"4,7";"269,0";"10,1";"1975,30";"0,0"
"04/04/2026";"2000";"26,8";"28,5";"26,7";"43,0";"43,0";"33,0";"13,0";"13,0";"10,2";"907,6";"907,6";"907,4";"4,8";"256,0";"8,1";"1157,00";"0,0"
"04/04/2026";"2100";"24,7";"26,9";"24,7";"51,0";"51,0";"42,0";"13,9";"13,9";"12,8";"907,6";"907,7";"907,6";"2,2";"266,0";"8,1";"145,30";"0,0"
"04/04/2026";"2200";"23,7";"24,7";"23,5";"56,0";"56,0";"51,0";"14,3";"14,3";"13,9";"908,0";"908,0";"907,5";"1,9";"268,0";"3,4";"4,60";"0,0"
"04/04/2026";"2300";"22,1";"23,7";"22,1";"63,0";"63,0";"56,0";"14,7";"14,7";"14,3";"908,5";"908,5";"908,0";"2,1";"211,0";"2,9";"";"0,0"
"05/04/2026";"0000";"20,8";"22,3";"20,7";"68,0";"68,0";"63,0";"14,6";"14,8";"14,5";"909,1";"909,1";"908,5";"1,5";"218,0";"2,8";"";"0,0"
"05/04/2026";"0100";"20,0";"21,0";"20,0";"71,0";"71,0";"67,0";"14,5";"14,6";"14,2";"909,8";"909,8";"909,1";"2,3";"213,0";"3,6";"";"0,0"
"05/04/2026";"0200";"20,4";"20,5";"19,8";"71,0";"72,0";"70,0";"14,9";"15,1";"14,4";"909,6";"909,8";"909,5";"1,3";"183,0";"3,3";"";"0,0"
"05/04/2026";"0300";"18,1";"20,4";"18,0";"83,0";"83,0";"71,0";"15,2";"15,2";"14,2";"910,2";"910,3";"909,6";"1,1";"18,0";"3,4";"";"0,0"
"05/04/2026";"0400";"18,3";"19,1";"17,9";"84,0";"84,0";"78,0";"15,4";"15,4";"14,9";"910,2";"910,5";"910,2";"1,1";"9,0";"2,5";"0,10";"0,0"
"05/04/2026";"0500";"18,6";"18,8";"18,0";"88,0";"91,0";"82,0";"16,6";"17,2";"15,3";"909,8";"910,2";"909,8";"1,6";"73,0";"3,2";"";"0,0"
"05/04/2026";"0600";"18,3";"18,6";"18,3";"";"";"88,0";"";"19,0";"16,6";"910,1";"910,1";"909,8";"1,0";"39,0";"2,4";"";"0,0"
"05/04/2026";"0700";"18,3";"18,4";"18,2";"";"";"";"";"";"";"910,0";"910,2";"910,0";"0,6";"48,0";"2,1";"";"0,0"
"05/04/2026";"0800";"17,8";"18,3";"17,7";"";"";"";"";"";"";"910,1";"910,1";"909,9";"0,8";"185,0";"2,7";"";"0,0"
"05/04/2026";"0900";"17,4";"17,8";"17,2";"";"";"";"";"";"";"910,6";"910,6";"910,1";"0,5";"181,0";"1,8";"";"0,0"
"05/04/2026";"1000";"17,6";"17,7";"17,4";"";"";"";"";"";"";"911,0";"911,0";"910,6";"1,6";"97,0";"2,2";"11,10";"0,0"
"05/04/2026";"1100";"18,8";"18,8";"17,6";"99,0";"";"";"18,6";"";"";"911,6";"911,6";"911,0";"1,2";"148,0";"2,0";"176,90";"0,0"
"05/04/2026";"1200";"20,8";"21,3";"18,5";"80,0";"100,0";"77,0";"17,2";"18,7";"16,6";"912,1";"912,1";"911,6";"2,2";"131,0";"4,0";"1219,70";"0,0"
"05/04/2026";"1300";"22,2";"23,1";"20,7";"73,0";"80,0";"68,0";"17,1";"18,2";"16,1";"911,8";"912,1";"911,8";"1,5";"103,0";"4,0";"1681,30";"0,0"
"05/04/2026";"1400";"22,1";"22,3";"21,6";"72,0";"76,0";"71,0";"16,9";"17,7";"16,3";"911,5";"911,8";"911,5";"2,9";"69,0";"4,8";"886,70";"0,0"
"05/04/2026";"1500";"24,2";"25,2";"22,0";"61,0";"73,0";"60,0";"16,2";"18,5";"15,7";"911,1";"911,5";"911,1";"1,5";"144,0";"4,5";"2386,10";"0,0"
"05/04/2026";"1600";"25,7";"26,1";"23,5";"54,0";"65,0";"54,0";"15,6";"17,5";"15,5";"910,5";"911,1";"910,5";"1,6";"95,0";"4,8";"2490,20";"0,0"
"05/04/2026";"1700";"25,4";"26,4";"24,7";"56,0";"59,0";"51,0";"16,0";"16,7";"15,1";"909,8";"910,5";"909,8";"1,0";"86,0";"4,4";"2100,70";"0,0"
"05/04/2026";"1800";"25,5";"25,9";"24,6";"54,0";"62,0";"54,0";"15,6";"17,3";"15,2";"909,3";"909,8";"909,3";"1,8";"144,0";"3,7";"1188,20";"0,0"
"05/04/2026";"1900";"26,1";"26,6";"25,0";"54,0";"57,0";"51,0";"16,0";"16,9";"15,1";"909,3";"909,4";"909,2";"1,5";"141,0";"4,5";"1101,00";"0,0"
"05/04/2026";"2000";"23,4";"26,4";"23,4";"63,0";"63,0";"50,0";"16,0";"16,4";"15,0";"909,3";"909,4";"909,2";"5,7";"137,0";"9,5";"786,40";"0,0"
"05/04/2026";"2100";"21,7";"23,5";"21,6";"72,0";"72,0";"63,0";"16,4";"16,6";"16,1";"909,7";"909,8";"909,3";"4,7";"79,0";"8,7";"122,70";"0,0"
"05/04/2026";"2200";"20,5";"21,7";"20,4";"78,0";"78,0";"71,0";"16,6";"16,6";"16,0";"910,3";"910,3";"909,7";"3,6";"83,0";"6,9";"3,20";"0,0"
"05/04/2026";"2300";"20,0";"20,7";"20,0";"76,0";"78,0";"75,0";"15,7";"16,6";"15,7";"910,8";"910,8";"910,3";"3,7";"114,0";"6,6";"";"0,0"
"06/04/2026";"0000";"18,5";"20,0";"18,5";"81,0";"83,0";"76,0";"15,2";"16,1";"15,2";"911,0";"911,1";"910,8";"3,9";"91,0";"6,4";"";"0,0"
"06/04/2026";"0100";"17,5";"18,5";"17,4";"82,0";"83,0";"81,0";"14,4";"15,2";"14,4";"911,6";"911,6";"911,0";"3,4";"65,0";"5,8";"";"0,0"
"06/04/2026";"0200";"16,6";"17,5";"16,6";"87,0";"87,0";"81,0";"14,5";"14,5";"14,2";"911,6";"911,7";"911,4";"3,7";"51,0";"6,5";"";"0,0"
"06/04/2026";"0300";"16,4";"16,7";"16,4";"";"";"87,0";"";"17,1";"14,5";"911,9";"911,9";"911,6";"3,2";"48,0";"6,2";"";"0,0"
"06/04/2026";"0400";"16,5";"16,7";"16,4";"";"";"";"";"";"";"911,9";"912,1";"911,7";"4,6";"58,0";"7,6";"";"0,0"
"06/04/2026";"0500";"16,6";"16,7";"16,5";"";"";"";"";"";"";"911,6";"912,0";"911,6";"5,0";"79,0";"7,4";"";"0,0"
"06/04/2026";"0600";"16,3";"16,7";"16,3";"";"";"";"";"";"";"911,2";"911,7";"911,2";"4,7";"77,0";"9,0";"";"0,0"
"06/04/2026";"0700";"16,1";"16,3";"16,1";"";"";"";"";"";"";"911,2";"911,3";"911,0";"4,1";"74,0";"8,3";"0,10";"0,0"
"06/04/2026";"0800";"15,9";"16,1";"15,9";"";"";"";"";"";"";"911,2";"911,2";"911,0";"2,9";"66,0";"7,4";"0,10";"0,0"
"06/04/2026";"0900";"15,5";"15,9";"15,4";"";"";"";"";"";"";"911,5";"911,5";"911,1";"2,8";"73,0";"4,6";"";"0,0"
"06/04/2026";"1000";"15,7";"15,7";"15,5";"";"";"";"";"";"";"911,9";"912,0";"911,4";"1,6";"71,0";"4,4";"13,20";"0,0"
"06/04/2026";"1100";"17,3";"17,3";"15,7";"97,0";"";"";"16,8";"";"";"912,3";"912,3";"911,8";"3,4";"63,0";"7,4";"344,00";"0,0"
"06/04/2026";"1200";"17,9";"18,0";"17,2";"89,0";"97,0";"89,0";"16,1";"16,7";"16,0";"912,8";"912,9";"912,3";"4,2";"63,0";"10,5";"529,90";"0,0"
"06/04/2026";"1300";"19,5";"19,5";"17,9";"83,0";"90,0";"82,0";"16,6";"16,7";"16,0";"912,7";"912,8";"912,6";"4,4";"59,0";"8,0";"1143,20";"0,0"
"06/04/2026";"1400";"20,1";"20,4";"19,5";"81,0";"85,0";"79,0";"16,8";"17,4";"16,2";"912,6";"912,8";"912,6";"4,9";"61,0";"8,2";"1136,30";"0,0"
"06/04/2026";"1500";"21,1";"21,6";"20,1";"80,0";"82,0";"75,0";"17,4";"17,4";"16,6";"912,1";"912,6";"912,0";"6,1";"87,0";"8,5";"1111,30";"0,0"
"06/04/2026";"1600";"23,9";"23,9";"21,1";"72,0";"81,0";"68,0";"18,5";"18,5";"16,4";"911,0";"912,1";"911,0";"5,4";"54,0";"10,6";"2721,90";"0,0"
"06/04/2026";"1700";"21,7";"23,9";"21,7";"77,0";"78,0";"68,0";"17,5";"17,8";"16,8";"910,5";"911,1";"910,5";"6,2";"78,0";"9,0";"1282,50";"0,0"
"06/04/2026";"1800";"23,2";"23,9";"21,3";"69,0";"79,0";"68,0";"17,2";"18,5";"17,0";"910,1";"910,5";"910,0";"4,9";"31,0";"9,5";"1290,90";"0,0"
"06/04/2026";"1900";"21,3";"23,2";"21,3";"80,0";"80,0";"69,0";"17,6";"17,7";"16,8";"910,2";"910,2";"910,0";"5,2";"66,0";"10,4";"883,30";"0,0"
"06/04/2026";"2000";"20,9";"21,3";"20,9";"82,0";"83,0";"80,0";"17,7";"18,1";"17,6";"910,0";"910,3";"910,0";"5,3";"74,0";"8,6";"362,70";"0,0"
"06/04/2026";"2100";"19,8";"20,9";"19,7";"90,0";"90,0";"82,0";"18,2";"18,2";"17,5";"909,6";"910,0";"909,6";"4,5";"71,0";"8,4";"222,30";"0,0"
"06/04/2026";"2200";"19,3";"19,9";"19,3";"";"";"90,0";"";"20,3";"18,2";"910,0";"910,0";"909,6";"5,2";"86,0";"7,4";"2,20";"0,0"
"06/04/2026";"2300";"19,2";"19,3";"19,1";"";"";"";"";"";"";"910,5";"910,6";"910,0";"4,8";"82,0";"7,0";"";"0,0"
"07/04/2026";"0000";"19,0";"19,2";"19,0";"";"";"";"";"";"";"910,5";"910,6";"910,4";"5,0";"83,0";"7,6";"";"0,0"
"07/04/2026";"0100";"18,9";"19,1";"18,8";"";"";"";"";"";"";"911,6";"911,6";"910,5";"4,0";"80,0";"9,5";"";"0,0"
"07/04/2026";"0200";"18,7";"19,1";"18,7";"";"";"";"";"";"";"911,3";"911,6";"911,2";"4,7";"56,0";"8,5";"";"0,0"
"07/04/2026";"0300";"18,7";"18,8";"18,6";"";"";"";"";"";"";"910,6";"911,3";"910,6";"4,3";"52,0";"7,6";"";"0,0"
"07/04/2026";"0400";"18,6";"18,8";"18,6";"";"";"";"";"";"";"910,1";"910,6";"910,0";"6,4";"51,0";"12,6";"";"0,0"
"07/04/2026";"0500";"18,5";"18,7";"18,5";"";"";"";"";"";"";"909,8";"910,1";"909,7";"5,1";"57,0";"12,6";"";"0,0"
"07/04/2026";"0600";"18,3";"18,5";"18,1";"";"";"";"";"";"";"910,0";"910,1";"909,7";"5,3";"45,0";"8,8";"";"0,0"
"07/04/2026";"0700";"18,4";"18,4";"18,3";"";"";"";"";"";"";"909,1";"910,0";"909,1";"4,8";"39,0";"8,5";"";"0,0"
"07/04/2026";"0800";"18,2";"18,4";"18,1";"";"";"";"";"";"";"908,6";"909,1";"908,4";"3,5";"43,0";"8,6";"";"0,0"
"07/04/2026";"0900";"18,5";"18,5";"18,2";"";"";"";"";"";"";"908,6";"908,6";"908,4";"4,6";"50,0";"8,0";"";"0,0"
"07/04/2026";"1000";"18,3";"18,5";"18,3";"";"";"";"";"";"";"908,9";"909,1";"908,6";"4,9";"71,0";"7,7";"18,90";"0,0"
"07/04/2026";"1100";"19,0";"19,0";"18,3";"";"";"";"";"";"";"909,3";"909,3";"908,9";"4,5";"64,0";"8,6";"252,90";"0,0"
"07/04/2026";"1200";"19,8";"19,8";"19,0";"93,0";"";"";"18,6";"";"";"909,5";"909,7";"909,3";"4,0";"55,0";"8,6";"372,80";"0,0"
"07/04/2026";"1300";"20,3";"20,4";"19,7";"88,0";"93,0";"88,0";"18,3";"18,7";"18,1";"909,3";"909,5";"909,2";"4,7";"50,0";"9,1";"495,30";"0,0"
"07/04/2026";"1400";"22,6";"23,3";"20,3";"74,0";"89,0";"74,0";"17,7";"19,3";"17,7";"908,3";"909,3";"908,3";"4,9";"56,0";"8,2";"1392,40";"0,0"
"07/04/2026";"1500";"22,6";"23,9";"22,3";"75,0";"78,0";"71,0";"18,0";"19,1";"17,6";"907,5";"908,3";"907,5";"6,3";"44,0";"9,7";"2554,20";"0,0"
"07/04/2026";"1600";"22,8";"24,1";"22,4";"74,0";"77,0";"71,0";"18,0";"19,2";"17,6";"906,8";"907,5";"906,8";"5,2";"42,0";"9,7";"1583,00";"0,0"
"07/04/2026";"1700";"23,9";"24,1";"22,7";"72,0";"76,0";"69,0";"18,6";"18,8";"17,8";"905,8";"906,9";"905,8";"5,5";"56,0";"10,5";"1899,00";"0,0"
"07/04/2026";"1800";"22,4";"24,0";"22,2";"83,0";"84,0";"71,0";"19,4";"19,5";"18,0";"904,9";"905,9";"904,9";"4,1";"50,0";"10,6";"1100,20";"0,0"
"07/04/2026";"1900";"22,0";"22,5";"22,0";"83,0";"84,0";"81,0";"19,1";"19,5";"19,0";"904,0";"904,9";"903,8";"4,3";"71,0";"8,6";"645,10";"0,0"
"07/04/2026";"2000";"21,8";"22,4";"21,8";"86,0";"87,0";"83,0";"19,4";"19,5";"19,1";"904,3";"904,4";"904,0";"3,4";"44,0";"6,6";"458,40";"0,0"
"07/04/2026";"2100";"21,1";"21,8";"21,1";"91,0";"91,0";"86,0";"19,6";"19,7";"19,4";"903,9";"904,5";"903,9";"3,9";"30,0";"8,2";"175,60";"0,0"
"07/04/2026";"2200";"20,4";"21,1";"20,4";"";"";"";"";"";"";"904,3";"904,5";"903,7";"4,4";"20,0";"6,5";"1,80";"0,6"
"07/04/2026";"2300";"16,9";"20,5";"16,4";"";"";"";"";"";"";"905,9";"905,9";"904,3";"4,3";"264,0";"16,7";"2,90";"13,0"
"08/04/2026";"0000";"16,6";"17,0";"16,6";"";"";"";"";"";"";"906,3";"906,8";"905,8";"2,4";"343,0";"8,0";"";"3,2"
"08/04/2026";"0100";"16,7";"16,8";"16,6";"";"";"";"";"";"";"904,2";"906,3";"904,2";"3,6";"23,0";"6,4";"";"1,0"
"08/04/2026";"0200";"16,6";"16,7";"16,5";"";"";"";"";"";"";"904,8";"905,1";"904,2";"0,6";"19,0";"5,2";"";"0,4"
"08/04/2026";"0300";"16,8";"16,8";"16,5";"";"";"";"";"";"";"904,4";"904,8";"904,3";"1,4";"46,0";"1,9";"0,20";"0,0"
"08/04/2026";"0400";"16,8";"16,8";"16,6";"";"";"";"";"";"";"903,5";"904,4";"903,3";"1,8";"339,0";"2,9";"";"0,0"
"08/04/2026";"0500";"16,9";"16,9";"16,8";"";"";"";"";"";"";"903,0";"903,5";"903,0";"1,4";"345,0";"2,9";"0,20";"0,6"
"08/04/2026";"0600";"16,9";"16,9";"16,8";"";"";"";"";"";"";"902,9";"903,1";"902,9";"1,2";"346,0";"2,6";"0,30";"1,2"
"08/04/2026";"0700";"17,1";"17,1";"16,9";"";"";"";"";"";"";"902,8";"903,0";"902,8";"1,9";"321,0";"3,6";"0,10";"1,8"
"08/04/2026";"0800";"17,4";"17,4";"17,1";"";"";"";"";"";"";"903,1";"903,1";"902,8";"2,8";"315,0";"5,8";"0,10";"1,0"
"08/04/2026";"0900";"17,2";"17,5";"17,2";"";"";"";"";"";"";"903,5";"903,5";"903,0";"4,4";"277,0";"7,8";"0,50";"0,8"
"08/04/2026";"1000";"16,9";"17,2";"16,8";"";"";"";"";"";"";"904,1";"904,1";"903,5";"4,0";"285,0";"7,8";"5,50";"0,8"
"08/04/2026";"1100";"17,0";"17,0";"16,8";"";"";"";"";"";"";"904,5";"904,5";"904,1";"4,2";"279,0";"7,6";"164,40";"0,0"
"08/04/2026";"1200";"17,7";"17,7";"17,0";"";"";"";"";"";"";"904,9";"904,9";"904,5";"4,4";"287,0";"9,7";"609,20";"0,0"
"08/04/2026";"1300";"19,6";"19,8";"17,7";"79,0";"";"79,0";"15,9";"18,6";"15,9";"904,9";"905,0";"904,8";"5,2";"292,0";"10,0";"2216,60";"0,0"
"08/04/2026";"1400";"20,1";"20,5";"19,2";"76,0";"82,0";"75,0";"15,8";"16,7";"15,3";"905,0";"905,0";"904,7";"6,8";"289,0";"12,5";"1772,00";"0,0"
"08/04/2026";"1500";"19,4";"20,2";"17,5";"82,0";"100,0";"74,0";"16,2";"18,3";"15,1";"905,2";"905,4";"905,0";"5,1";"272,0";"12,5";"1874,90";"0,4"
"08/04/2026";"1600";"21,7";"22,0";"19,4";"66,0";"85,0";"64,0";"15,2";"17,1";"14,4";"904,5";"905,3";"904,4";"6,3";"282,0";"11,5";"2803,70";"0,0"
"08/04/2026";"1700";"22,6";"23,2";"21,0";"56,0";"66,0";"55,0";"13,3";"15,3";"12,8";"903,7";"904,5";"903,6";"6,1";"281,0";"11,5";"2890,80";"0,0"
"08/04/2026";"1800";"22,4";"22,9";"21,9";"50,0";"56,0";"49,0";"11,6";"13,5";"11,2";"903,2";"903,7";"903,1";"8,2";"290,0";"16,2";"2652,30";"0,0"
"08/04/2026";"1900";"21,4";"22,9";"21,4";"54,0";"55,0";"50,0";"11,7";"13,1";"11,2";"903,5";"903,5";"903,2";"6,2";"288,0";"14,6";"1933,30";"0,0"
"08/04/2026";"2000";"20,7";"21,4";"20,4";"58,0";"59,0";"54,0";"12,1";"12,6";"11,4";"903,7";"903,7";"903,4";"4,3";"278,0";"10,8";"885,10";"0,0"
"08/04/2026";"2100";"19,0";"20,9";"19,0";"64,0";"64,0";"57,0";"12,0";"12,6";"11,5";"903,9";"903,9";"903,6";"4,9";"281,0";"9,5";"309,80";"0,0"
"08/04/2026";"2200";"17,6";"19,0";"17,6";"72,0";"72,0";"64,0";"12,4";"12,4";"12,0";"904,3";"904,3";"903,9";"3,9";"282,0";"8,1";"3,80";"0,0"
"08/04/2026";"2300";"16,3";"17,6";"16,3";"78,0";"78,0";"72,0";"12,4";"12,5";"12,3";"905,2";"905,2";"904,3";"3,1";"246,0";"7,1";"";"0,0"
"09/04/2026";"0000";"15,5";"16,4";"15,4";"82,0";"83,0";"78,0";"12,5";"12,6";"12,4";"905,9";"905,9";"905,2";"3,2";"244,0";"6,0";"";"0,0"
"09/04/2026";"0100";"14,8";"15,5";"14,7";"88,0";"89,0";"82,0";"12,9";"13,0";"12,5";"906,2";"906,2";"905,9";"3,2";"255,0";"4,7";"";"0,0"
"09/04/2026";"0200";"14,7";"15,1";"14,6";"89,0";"90,0";"88,0";"12,9";"13,2";"12,8";"906,5";"906,5";"906,2";"2,1";"272,0";"5,4";"";"0,0"
"09/04/2026";"0300";"13,8";"14,7";"13,8";"";"";"89,0";"";"14,7";"12,8";"906,3";"906,5";"906,2";"2,7";"286,0";"4,2";"";"0,0"
"09/04/2026";"0400";"13,8";"13,9";"13,7";"";"";"";"";"";"";"906,4";"906,4";"906,2";"2,8";"272,0";"5,0";"";"0,0"
"09/04/2026";"0500";"13,5";"13,9";"13,5";"";"";"";"";"";"";"906,5";"906,5";"906,3";"3,4";"288,0";"5,3";"";"0,0"
"09/04/2026";"0600";"13,9";"13,9";"13,4";"";"";"";"";"";"";"906,3";"906,6";"906,3";"3,9";"293,0";"5,9";"";"0,0"
"09/04/2026";"0700";"13,9";"14,1";"13,9";"";"";"";"";"";"";"906,5";"906,5";"906,2";"3,2";"294,0";"5,7";"";"0,0"
"09/04/2026";"0800";"13,9";"14,0";"13,7";"";"";"";"";"";"";"906,6";"906,7";"906,4";"3,8";"293,0";"6,2";"";"0,0"
"09/04/2026";"0900";"13,9";"13,9";"13,8";"";"";"";"";"";"";"907,3";"907,3";"906,5";"4,1";"289,0";"6,9";"";"0,0"
"09/04/2026";"1000";"14,0";"14,0";"13,9";"";"";"";"";"";"";"908,0";"908,0";"907,3";"2,9";"286,0";"6,7";"19,80";"0,0"
"09/04/2026";"1100";"14,6";"14,9";"14,0";"";"";"";"";"";"";"908,8";"908,8";"908,0";"4,1";"284,0";"6,5";"453,50";"0,0"
"09/04/2026";"1200";"15,9";"16,0";"14,6";"86,0";"";"84,0";"13,5";"15,3";"13,1";"909,3";"909,3";"908,8";"3,4";"283,0";"6,5";"1085,90";"0,0"
"09/04/2026";"1300";"15,0";"16,3";"14,8";"";"99,0";"82,0";"";"14,0";"12,8";"909,8";"909,8";"909,3";"3,2";"255,0";"7,0";"988,30";"0,2"
"09/04/2026";"1400";"16,9";"17,3";"14,9";"78,0";"";"76,0";"13,1";"15,9";"12,8";"909,6";"909,9";"909,6";"4,1";"269,0";"6,8";"1915,70";"0,0"
"09/04/2026";"1500";"19,1";"20,1";"16,9";"62,0";"81,0";"61,0";"11,6";"14,2";"11,6";"908,9";"909,6";"908,9";"4,4";"253,0";"7,4";"2531,20";"0,0"
"09/04/2026";"1600";"20,1";"20,9";"18,9";"62,0";"66,0";"58,0";"12,6";"13,2";"11,3";"908,3";"909,0";"908,3";"4,1";"278,0";"8,0";"2896,80";"0,0"
"09/04/2026";"1700";"20,4";"21,6";"18,9";"62,0";"65,0";"57,0";"12,8";"13,7";"11,1";"907,9";"908,2";"907,9";"3,9";"285,0";"7,9";"2082,70";"0,0"
"09/04/2026";"1800";"20,4";"21,8";"19,9";"59,0";"63,0";"55,0";"12,1";"13,8";"11,4";"907,5";"907,9";"907,4";"5,4";"294,0";"8,0";"2532,60";"0,0"
"09/04/2026";"1900";"20,2";"21,5";"19,8";"59,0";"63,0";"56,0";"11,9";"13,2";"11,8";"907,4";"907,5";"907,3";"3,3";"277,0";"8,2";"1813,10";"0,0"
"09/04/2026";"2000";"19,1";"21,6";"19,1";"60,0";"61,0";"51,0";"11,0";"13,3";"10,8";"907,7";"907,7";"907,5";"3,1";"256,0";"7,2";"987,60";"0,0"
"09/04/2026";"2100";"17,7";"19,4";"17,7";"64,0";"65,0";"59,0";"10,8";"11,5";"10,6";"908,0";"908,0";"907,7";"2,8";"277,0";"5,8";"142,70";"0,0"
"09/04/2026";"2200";"16,8";"17,7";"16,7";"69,0";"69,0";"64,0";"11,0";"11,1";"10,7";"908,1";"908,1";"907,9";"1,8";"268,0";"4,7";"3,50";"0,0"
"09/04/2026";"2300";"15,9";"16,8";"15,8";"74,0";"74,0";"69,0";"11,2";"11,3";"11,0";"908,5";"908,5";"908,1";"1,9";"209,0";"3,7";"";"0,0"
"10/04/2026";"0000";"14,8";"15,9";"14,8";"78,0";"78,0";"74,0";"11,0";"11,3";"10,9";"908,9";"908,9";"908,5";"2,2";"232,0";"3,1";"";"0,0"
"10/04/2026";"0100";"14,0";"14,9";"14,0";"81,0";"82,0";"78,0";"10,9";"11,2";"10,7";"909,2";"909,2";"908,9";"1,8";"207,0";"3,5";"";"0,0"
"10/04/2026";"0200";"13,9";"14,0";"13,6";"82,0";"84,0";"81,0";"10,8";"11,0";"10,7";"909,4";"909,5";"909,2";"1,2";"232,0";"2,9";"";"0,0"
"10/04/2026";"0300";"13,4";"13,9";"13,0";"82,0";"88,0";"82,0";"10,5";"11,1";"10,5";"909,3";"909,4";"909,3";"2,4";"211,0";"3,3";"";"0,0"
"10/04/2026";"0400";"13,0";"13,7";"13,0";"81,0";"82,0";"79,0";"9,8";"10,5";"9,7";"909,4";"909,4";"909,3";"1,8";"216,0";"3,2";"";"0,0"
"10/04/2026";"0500";"11,7";"13,0";"11,6";"88,0";"88,0";"81,0";"9,7";"9,8";"9,3";"909,4";"909,5";"909,3";"1,6";"129,0";"3,5";"";"0,0"
"10/04/2026";"0600";"11,8";"12,1";"11,4";"94,0";"97,0";"87,0";"10,9";"11,1";"9,8";"909,3";"909,5";"909,3";"1,0";"263,0";"2,6";"";"0,0"
"10/04/2026";"0700";"11,0";"11,8";"11,0";"";"";"92,0";"";"11,7";"10,1";"909,3";"909,4";"909,1";"0,6";"344,0";"2,6";"";"0,0"
"10/04/2026";"0800";"10,8";"11,2";"10,6";"";"";"";"";"";"";"909,7";"909,7";"909,3";"1,2";"211,0";"2,0";"";"0,0"
"10/04/2026";"0900";"10,3";"10,8";"10,3";"";"";"";"";"";"";"910,3";"910,3";"909,6";"1,8";"216,0";"2,7";"";"0,0"
"10/04/2026";"1000";"11,3";"11,3";"10,2";"";"";"";"";"";"";"910,8";"910,8";"910,3";"0,4";"280,0";"3,5";"12,50";"0,0"
"10/04/2026";"1100";"12,2";"12,2";"11,3";"";"";"";"";"";"";"911,6";"911,6";"910,8";"0,9";"220,0";"1,6";"148,00";"0,0"
"10/04/2026";"1200";"14,9";"14,9";"12,1";"91,0";"";"";"13,5";"";"";"912,0";"912,0";"911,6";"1,4";"177,0";"2,6";"842,70";"0,0"
"10/04/2026";"1300";"17,0";"17,2";"15,0";"81,0";"91,0";"78,0";"13,6";"14,5";"12,5";"911,9";"912,1";"911,9";"1,8";"31,0";"4,6";"1637,10";"0,0"
"10/04/2026";"1400";"18,0";"18,6";"16,3";"73,0";"83,0";"71,0";"13,2";"15,2";"12,4";"911,8";"911,9";"911,8";"1,6";"300,0";"4,6";"1935,10";"0,0"
"10/04/2026";"1500";"18,6";"20,5";"17,2";"64,0";"77,0";"61,0";"11,6";"13,9";"11,6";"911,6";"911,9";"911,6";"3,0";"337,0";"5,8";"2652,90";"0,0"
"10/04/2026";"1600";"20,9";"20,9";"18,5";"51,0";"68,0";"51,0";"10,3";"13,5";"10,3";"910,9";"911,6";"910,9";"2,4";"7,0";"5,1";"2134,40";"0,0"
"10/04/2026";"1700";"20,6";"22,5";"20,2";"47,0";"55,0";"45,0";"9,0";"12,8";"8,5";"910,3";"910,9";"910,3";"1,7";"268,0";"5,7";"2347,40";"0,0"
"10/04/2026";"1800";"21,8";"21,9";"20,4";"41,0";"52,0";"41,0";"8,1";"10,6";"8,1";"910,0";"910,3";"910,0";"1,8";"186,0";"3,8";"1561,90";"0,0"
"10/04/2026";"1900";"22,6";"22,8";"20,9";"41,0";"45,0";"38,0";"8,5";"9,9";"7,2";"910,0";"910,1";"909,9";"1,3";"247,0";"3,7";"1800,70";"0,0"
"10/04/2026";"2000";"21,3";"22,8";"20,9";"44,0";"45,0";"36,0";"8,4";"9,0";"6,8";"909,9";"910,0";"909,9";"2,3";"23,0";"3,8";"760,40";"0,0"
"10/04/2026";"2100";"19,7";"21,7";"19,7";"53,0";"54,0";"41,0";"9,9";"10,2";"8,1";"910,0";"910,0";"909,9";"0,8";"344,0";"3,8";"306,30";"0,0"
"10/04/2026";"2200";"17,1";"19,7";"16,9";"76,0";"77,0";"51,0";"12,9";"12,9";"9,2";"910,3";"910,3";"910,0";"2,1";"354,0";"4,5";"1,80";"0,0"
"10/04/2026";"2300";"15,9";"17,1";"15,8";"84,0";"84,0";"76,0";"13,1";"13,1";"12,7";"910,9";"910,9";"910,3";"1,8";"38,0";"4,0";"";"0,0"
"11/04/2026";"0000";"14,8";"16,1";"14,8";"89,0";"91,0";"83,0";"13,0";"13,9";"12,7";"911,6";"911,6";"910,9";"4,7";"72,0";"7,8";"";"0,0"
"11/04/2026";"0100";"14,5";"14,8";"14,2";"94,0";"95,0";"89,0";"13,5";"13,6";"12,7";"912,0";"912,0";"911,6";"3,3";"52,0";"7,8";"";"0,0"
"11/04/2026";"0200";"14,6";"14,8";"14,4";"92,0";"95,0";"92,0";"13,4";"13,7";"13,3";"912,1";"912,2";"912,0";"3,7";"57,0";"7,5";"";"0,0"
"11/04/2026";"0300";"14,5";"14,6";"14,4";"86,0";"92,0";"86,0";"12,1";"13,4";"12,1";"912,3";"912,4";"912,1";"5,5";"49,0";"8,7";"";"0,0"
"11/04/2026";"0400";"14,3";"14,5";"14,2";"86,0";"87,0";"84,0";"12,0";"12,1";"11,8";"912,2";"912,3";"912,2";"4,1";"59,0";"8,8";"";"0,0"
"11/04/2026";"0500";"13,1";"14,2";"13,1";"89,0";"91,0";"86,0";"11,3";"12,0";"11,2";"912,1";"912,3";"912,0";"4,3";"49,0";"8,7";"";"0,0"
"11/04/2026";"0600";"12,8";"13,4";"12,8";"84,0";"89,0";"83,0";"10,3";"11,5";"10,2";"912,0";"912,1";"912,0";"3,4";"59,0";"7,9";"";"0,0"
"11/04/2026";"0700";"12,3";"13,0";"12,3";"86,0";"87,0";"84,0";"10,0";"10,5";"9,8";"911,9";"912,0";"911,9";"3,1";"51,0";"6,5";"";"0,0"
"11/04/2026";"0800";"12,6";"12,6";"11,9";"85,0";"87,0";"85,0";"10,2";"10,2";"9,7";"912,0";"912,1";"911,9";"3,1";"54,0";"6,2";"";"0,0"
"11/04/2026";"0900";"13,1";"13,1";"12,6";"85,0";"85,0";"84,0";"10,6";"10,6";"10,2";"912,5";"912,5";"912,0";"2,8";"60,0";"5,8";"";"0,0"
"11/04/2026";"1000";"13,2";"13,3";"13,0";"86,0";"86,0";"85,0";"10,9";"10,9";"10,6";"913,0";"913,0";"912,5";"3,1";"36,0";"5,3";"9,60";"0,0"
"11/04/2026";"1100";"14,0";"14,0";"13,2";"84,0";"87,0";"84,0";"11,4";"11,5";"10,9";"913,5";"913,5";"913,0";"4,3";"65,0";"6,6";"277,20";"0,0"
"11/04/2026";"1200";"15,6";"16,2";"14,0";"83,0";"85,0";"78,0";"12,7";"13,0";"11,4";"914,0";"914,0";"913,5";"4,3";"62,0";"7,8";"996,40";"0,0"
"11/04/2026";"1300";"17,5";"18,3";"15,4";"72,0";"83,0";"68,0";"12,3";"13,4";"11,7";"914,1";"914,1";"913,9";"6,2";"60,0";"9,4";"2141,60";"0,0"
"11/04/2026";"1400";"19,1";"19,1";"17,1";"68,0";"74,0";"66,0";"13,0";"13,5";"11,9";"914,0";"914,2";"913,9";"5,1";"62,0";"9,4";"2192,20";"0,0"
"11/04/2026";"1500";"20,3";"20,4";"18,1";"61,0";"68,0";"60,0";"12,7";"13,4";"11,3";"913,8";"914,1";"913,7";"5,4";"40,0";"8,6";"2990,30";"0,0"
"11/04/2026";"1600";"20,5";"21,0";"19,2";"60,0";"64,0";"58,0";"12,5";"13,7";"11,4";"913,1";"913,8";"913,1";"5,2";"42,0";"8,6";"2901,90";"0,0"
"11/04/2026";"1700";"21,1";"21,7";"20,1";"53,0";"61,0";"52,0";"11,0";"13,4";"10,9";"912,3";"913,1";"912,3";"4,3";"62,0";"9,2";"3105,10";"0,0"
"11/04/2026";"1800";"21,4";"22,1";"20,9";"52,0";"58,0";"49,0";"11,2";"12,8";"10,6";"911,8";"912,3";"911,8";"6,2";"75,0";"9,7";"2689,00";"0,0"
"11/04/2026";"1900";"21,1";"21,4";"20,4";"53,0";"57,0";"52,0";"11,1";"12,3";"10,9";"911,8";"911,9";"911,6";"4,8";"51,0";"9,4";"1815,90";"0,0"
"11/04/2026";"2000";"20,0";"21,3";"20,0";"58,0";"59,0";"52,0";"11,4";"12,0";"11,0";"912,0";"912,0";"911,7";"4,2";"40,0";"8,7";"1076,10";"0,0"
"11/04/2026";"2100";"18,2";"20,0";"18,1";"68,0";"68,0";"56,0";"12,1";"12,1";"10,8";"912,3";"912,3";"912,0";"3,4";"44,0";"7,5";"284,30";"0,0"
"11/04/2026";"2200";"17,0";"18,2";"16,7";"72,0";"73,0";"68,0";"11,8";"12,1";"11,8";"912,5";"912,5";"912,3";"4,0";"52,0";"6,1";"1,70";"0,0"
"11/04/2026";"2300";"16,2";"16,9";"16,1";"84,0";"84,0";"72,0";"13,6";"13,6";"11,7";"913,1";"913,1";"912,5";"4,4";"45,0";"6,6";"";"0,0"
"12/04/2026";"0000";"16,4";"16,4";"16,0";"95,0";"99,0";"84,0";"15,5";"16,1";"13,5";"913,5";"913,5";"913,1";"4,2";"58,0";"7,1";"";"0,0"
"12/04/2026";"0100";"15,8";"16,4";"15,7";"";"";"";"";"";"";"913,3";"913,5";"913,3";"4,4";"62,0";"7,3";"";"0,0"
"12/04/2026";"0200";"15,7";"15,8";"15,4";"92,0";"";"";"14,4";"";"";"913,4";"913,6";"913,2";"5,7";"62,0";"9,5";"";"0,0"
"12/04/2026";"0300";"15,9";"16,0";"15,8";"91,0";"92,0";"90,0";"14,4";"14,6";"14,3";"913,2";"913,4";"913,1";"4,9";"59,0";"10,6";"";"0,0"
"12/04/2026";"0400";"15,7";"15,9";"15,6";"";"";"91,0";"16,1";"16,1";"14,4";"912,7";"913,2";"912,7";"5,0";"64,0";"9,8";"";"0,0"
"12/04/2026";"0500";"15,7";"15,9";"15,7";"92,0";"";"90,0";"14,4";"16,2";"14,2";"912,3";"912,7";"912,3";"4,4";"59,0";"10,2";"";"0,0"
"12/04/2026";"0600";"15,4";"15,8";"15,4";"";"";"92,0";"";"15,9";"14,4";"911,6";"912,3";"911,6";"4,1";"62,0";"8,9";"";"0,0"
"12/04/2026";"0700";"15,5";"15,5";"15,2";"";"";"";"";"";"";"911,7";"911,8";"911,5";"5,8";"59,0";"10,4";"";"0,0"
"12/04/2026";"0800";"14,9";"15,5";"14,9";"";"";"";"";"";"";"912,2";"912,2";"911,7";"6,0";"68,0";"10,4";"";"0,0"
"12/04/2026";"0900";"15,1";"15,2";"14,9";"";"";"";"";"";"";"914,0";"914,0";"912,2";"0,8";"146,0";"9,2";"";"0,0"
"12/04/2026";"1000";"14,9";"15,1";"14,9";"";"";"";"";"";"";"914,1";"914,7";"914,0";"2,6";"107,0";"3,4";"0,40";"0,6"
"12/04/2026";"1100";"15,0";"15,3";"14,9";"";"";"";"";"";"";"915,3";"915,7";"914,1";"1,5";"70,0";"4,8";"10,70";"1,0"
"12/04/2026";"1200";"14,9";"15,0";"14,8";"";"";"";"";"";"";"915,6";"916,3";"915,1";"4,1";"83,0";"5,7";"37,00";"3,8"
"12/04/2026";"1300";"14,7";"14,9";"14,6";"";"";"";"";"";"";"916,2";"916,7";"915,6";"1,5";"89,0";"5,7";"59,30";"5,2"
"12/04/2026";"1400";"14,4";"14,7";"14,3";"";"";"";"";"";"";"914,5";"916,2";"914,5";"5,4";"36,0";"7,6";"104,20";"5,8"
"12/04/2026";"1500";"14,7";"14,8";"14,2";"96,0";"";"";"14,0";"";"";"913,7";"914,5";"913,7";"6,3";"25,0";"11,0";"389,60";"1,6"
"12/04/2026";"1600";"15,2";"15,5";"14,3";"87,0";"97,0";"86,0";"13,2";"14,3";"12,8";"913,4";"913,8";"913,1";"2,0";"331,0";"11,7";"865,70";"0,0"
"12/04/2026";"1700";"16,6";"16,8";"15,3";"86,0";"92,0";"80,0";"14,2";"15,1";"13,0";"912,5";"913,4";"912,5";"4,5";"15,0";"7,5";"1887,70";"0,0"
"12/04/2026";"1800";"16,2";"16,6";"15,9";"87,0";"88,0";"82,0";"13,9";"14,2";"13,0";"911,6";"912,5";"911,5";"4,0";"49,0";"7,4";"776,00";"0,0"
"12/04/2026";"1900";"15,9";"16,5";"15,9";"89,0";"92,0";"84,0";"14,1";"14,7";"13,6";"911,8";"912,1";"911,6";"4,4";"2,0";"7,0";"461,70";"0,0"
"12/04/2026";"2000";"15,2";"15,9";"15,2";"";"";"88,0";"";"15,9";"13,8";"910,5";"912,2";"910,1";"5,8";"40,0";"8,5";"143,60";"0,0"
"12/04/2026";"2100";"15,5";"15,5";"15,2";"";"";"";"";"";"";"911,3";"911,4";"910,5";"1,3";"207,0";"8,5";"45,30";"0,0"
"12/04/2026";"2200";"15,2";"15,5";"15,2";"";"";"";"15,3";"";"";"910,6";"911,3";"910,6";"3,2";"91,0";"4,7";"";"0,0"
"12/04/2026";"2300";"15,3";"15,4";"15,1";"";"";"";"";"";"";"911,3";"911,3";"910,6";"2,4";"209,0";"4,7";"";"0,0"
"13/04/2026";"0000";"14,8";"15,3";"14,7";"";"";"";"";"";"";"911,3";"911,6";"910,7";"2,3";"115,0";"4,5";"";"0,0"
"13/04/2026";"0100";"14,6";"14,9";"14,6";"";"";"";"";"";"";"911,7";"911,7";"911,3";"1,1";"44,0";"2,6";"";"0,0"
"13/04/2026";"0200";"14,4";"14,6";"14,1";"";"";"";"";"";"";"911,2";"911,8";"911,2";"0,7";"119,0";"3,4";"";"0,0"
"13/04/2026";"0300";"13,9";"14,5";"13,9";"";"";"";"";"";"";"911,6";"911,6";"911,1";"0,9";"339,0";"1,4";"";"0,0"
"13/04/2026";"0400";"14,1";"14,2";"13,8";"";"";"";"";"";"";"911,1";"911,6";"911,1";"1,2";"112,0";"2,7";"";"0,0"
"13/04/2026";"0500";"14,2";"14,3";"14,0";"";"";"";"";"";"";"910,5";"911,1";"910,4";"1,1";"117,0";"2,1";"";"0,0"
"13/04/2026";"0600";"14,6";"14,6";"14,1";"";"";"";"";"";"";"910,3";"910,6";"910,3";"1,5";"23,0";"2,3";"";"0,0"
"13/04/2026";"0700";"15,1";"15,4";"14,6";"";"";"";"";"";"";"909,8";"910,3";"909,8";"2,8";"80,0";"3,7";"";"0,0"
"13/04/2026";"0800";"15,4";"15,4";"15,0";"";"";"";"";"";"";"909,7";"909,8";"909,6";"1,3";"53,0";"3,7";"";"0,0"
"13/04/2026";"0900";"15,0";"15,5";"15,0";"";"";"";"";"";"";"909,9";"909,9";"909,6";"0,5";"112,0";"2,5";"";"0,0"
"13/04/2026";"1000";"14,8";"15,1";"14,8";"";"";"";"";"";"";"910,0";"910,1";"909,8";"1,3";"176,0";"2,3";"19,50";"0,0"
"13/04/2026";"1100";"15,7";"16,2";"14,8";"";"";"";"";"";"";"910,8";"910,8";"909,9";"1,7";"99,0";"3,0";"526,10";"0,0"
"13/04/2026";"1200";"17,9";"18,4";"15,7";"87,0";"";"86,0";"15,7";"17,4";"15,4";"911,6";"911,6";"910,8";"3,5";"80,0";"5,7";"1170,70";"0,0"
"13/04/2026";"1300";"18,4";"18,4";"17,5";"85,0";"90,0";"84,0";"15,9";"16,5";"15,2";"911,7";"911,9";"911,6";"5,4";"80,0";"7,4";"1108,40";"0,0"
"13/04/2026";"1400";"20,3";"20,3";"18,4";"78,0";"86,0";"74,0";"16,3";"16,5";"14,9";"911,6";"911,8";"911,6";"4,4";"72,0";"7,8";"2572,10";"0,0"
"13/04/2026";"1500";"21,7";"21,8";"19,9";"71,0";"78,0";"69,0";"16,2";"16,6";"14,6";"911,2";"911,6";"911,2";"4,3";"76,0";"8,3";"3149,30";"0,0"
"13/04/2026";"1600";"22,1";"22,4";"20,7";"63,0";"73,0";"62,0";"14,7";"16,4";"14,2";"910,7";"911,3";"910,7";"4,3";"45,0";"8,1";"3008,50";"0,0"
"13/04/2026";"1700";"21,7";"22,6";"20,9";"66,0";"68,0";"61,0";"15,0";"16,1";"14,0";"910,1";"910,8";"910,1";"4,4";"69,0";"8,3";"1954,60";"0,0"
"13/04/2026";"1800";"21,7";"23,3";"21,7";"64,0";"68,0";"59,0";"14,6";"15,9";"13,9";"909,9";"910,2";"909,8";"4,5";"77,0";"8,3";"2027,20";"0,0"
"13/04/2026";"1900";"22,0";"23,4";"21,3";"64,0";"68,0";"59,0";"14,8";"15,4";"14,0";"909,7";"909,9";"909,6";"4,3";"81,0";"6,5";"1667,80";"0,0"
"13/04/2026";"2000";"21,4";"22,4";"21,3";"65,0";"65,0";"61,0";"14,5";"15,2";"14,1";"909,6";"909,8";"909,5";"4,4";"78,0";"6,9";"1024,60";"0,0"
"13/04/2026";"2100";"19,5";"21,4";"19,5";"74,0";"74,0";"64,0";"14,8";"14,8";"14,2";"909,7";"909,8";"909,6";"2,3";"55,0";"5,5";"260,70";"0,0"
"13/04/2026";"2200";"18,2";"19,5";"18,2";"80,0";"80,0";"74,0";"14,7";"14,9";"14,5";"909,9";"910,0";"909,7";"2,3";"35,0";"3,6";"1,50";"0,0"
"13/04/2026";"2300";"17,2";"18,3";"17,2";"87,0";"87,0";"80,0";"15,0";"15,1";"14,7";"910,1";"910,1";"909,9";"2,0";"46,0";"3,1";"";"0,0"
"14/04/2026";"0000";"16,6";"17,2";"16,5";"";"";"87,0";"";"17,1";"15,0";"910,1";"910,3";"910,1";"1,6";"85,0";"2,8";"";"0,0"
"14/04/2026";"0100";"16,1";"16,6";"15,9";"";"";"";"";"";"";"910,4";"910,5";"910,1";"1,3";"90,0";"2,6";"";"0,0"
"14/04/2026";"0200";"16,6";"16,6";"16,1";"";"";"";"";"";"";"910,4";"910,5";"910,4";"2,3";"67,0";"3,2";"";"0,0"
"14/04/2026";"0300";"17,0";"17,0";"16,6";"";"";"";"";"";"";"910,4";"910,4";"910,2";"2,8";"74,0";"4,5";"";"0,0"
"14/04/2026";"0400";"16,9";"17,0";"16,9";"";"";"";"";"";"";"910,5";"910,6";"910,4";"2,1";"70,0";"4,9";"";"0,0"
"14/04/2026";"0500";"16,9";"16,9";"16,6";"";"";"";"";"";"";"910,7";"910,8";"910,5";"3,2";"72,0";"4,3";"";"0,0"
"14/04/2026";"0600";"16,6";"16,9";"16,5";"";"";"";"";"";"";"910,2";"910,7";"910,2";"2,1";"93,0";"4,3";"";"0,0"
"14/04/2026";"0700";"16,1";"16,7";"16,1";"";"";"";"";"";"";"909,7";"910,2";"909,6";"3,1";"91,0";"4,6";"";"0,0"
"14/04/2026";"0800";"15,7";"16,2";"15,6";"";"";"";"";"";"";"909,3";"909,8";"909,3";"3,5";"81,0";"5,8";"";"0,0"
"14/04/2026";"0900";"15,4";"15,7";"15,4";"";"";"";"";"";"";"909,7";"909,8";"909,2";"3,3";"80,0";"6,5";"";"0,0"
"14/04/2026";"1000";"15,1";"15,4";"14,8";"";"";"";"";"";"";"909,8";"909,8";"909,5";"4,0";"78,0";"5,5";"14,00";"0,0"
"14/04/2026";"1100";"15,8";"15,8";"15,1";"";"";"";"";"";"";"910,2";"910,2";"909,8";"3,8";"64,0";"5,8";"190,40";"0,0"
"14/04/2026";"1200";"17,0";"17,0";"15,8";"";"";"";"";"";"";"911,0";"911,0";"910,2";"5,9";"78,0";"9,1";"508,40";"0,0"
"14/04/2026";"1300";"17,8";"18,2";"16,9";"84,0";"";"81,0";"15,0";"17,2";"14,9";"911,5";"911,8";"911,0";"4,4";"65,0";"9,1";"963,20";"0,0"
"14/04/2026";"1400";"19,8";"20,3";"17,8";"74,0";"86,0";"72,0";"15,1";"16,5";"14,4";"911,2";"911,6";"911,2";"5,0";"57,0";"9,1";"1584,70";"0,0"
"14/04/2026";"1500";"20,5";"20,5";"19,3";"70,0";"76,0";"68,0";"14,9";"15,6";"14,1";"910,5";"911,2";"910,4";"4,5";"63,0";"10,5";"1444,50";"0,0"
"14/04/2026";"1600";"20,7";"21,8";"20,0";"67,0";"70,0";"63,0";"14,4";"15,0";"14,0";"909,3";"910,5";"909,3";"6,0";"69,0";"9,7";"1962,30";"0,0"
"14/04/2026";"1700";"20,9";"22,0";"20,5";"69,0";"71,0";"63,0";"14,9";"15,9";"13,9";"908,5";"909,3";"908,5";"4,9";"62,0";"9,6";"1760,30";"0,0"
"14/04/2026";"1800";"20,9";"22,0";"20,2";"74,0";"74,0";"65,0";"16,0";"16,0";"14,6";"908,6";"908,8";"908,4";"4,1";"71,0";"8,3";"1132,60";"0,0"
"14/04/2026";"1900";"21,1";"21,5";"20,4";"68,0";"74,0";"65,0";"15,0";"15,9";"14,6";"908,2";"908,6";"908,1";"6,2";"83,0";"8,5";"1283,30";"0,0"
"14/04/2026";"2000";"20,6";"21,3";"20,4";"68,0";"69,0";"64,0";"14,5";"14,9";"14,0";"908,4";"908,4";"908,1";"4,2";"41,0";"8,7";"887,30";"0,0"
"14/04/2026";"2100";"18,7";"20,7";"18,6";"78,0";"78,0";"67,0";"14,8";"14,8";"14,2";"908,8";"908,8";"908,4";"2,8";"71,0";"6,5";"153,60";"0,0"
"14/04/2026";"2200";"17,7";"18,7";"17,7";"85,0";"85,0";"78,0";"15,2";"15,3";"14,8";"908,9";"908,9";"908,8";"3,1";"51,0";"4,7";"0,40";"0,0"
"14/04/2026";"2300";"16,6";"17,7";"16,5";"93,0";"93,0";"85,0";"15,4";"15,5";"14,9";"909,2";"909,2";"908,9";"3,5";"79,0";"4,4";"";"0,0"
"15/04/2026";"0000";"16,4";"16,7";"16,3";"";"";"";"";"";"";"909,2";"909,3";"909,1";"2,6";"68,0";"5,3";"";"0,0"
"15/04/2026";"0100";"16,1";"16,4";"15,9";"";"";"";"";"";"";"909,5";"909,5";"909,2";"3,7";"67,0";"6,1";"";"0,0"
"15/04/2026";"0200";"15,3";"16,1";"15,2";"";"";"";"";"";"";"909,1";"909,5";"909,1";"4,9";"76,0";"7,0";"";"0,0"
"15/04/2026";"0300";"15,7";"15,8";"15,3";"";"";"";"";"";"";"909,0";"909,2";"909,0";"4,3";"59,0";"7,5";"";"0,0"
"15/04/2026";"0400";"15,8";"15,9";"15,7";"96,0";"";"94,0";"15,1";"16,4";"14,9";"909,7";"909,7";"908,7";"5,1";"61,0";"8,6";"";"0,0"
"15/04/2026";"0500";"15,5";"15,8";"15,4";"";"";"96,0";"";"";"";"909,6";"909,8";"909,4";"4,6";"73,0";"8,3";"";"0,0"
"15/04/2026";"0600";"14,9";"15,6";"14,8";"";"";"";"";"";"";"909,2";"909,6";"909,2";"3,8";"68,0";"6,5";"";"0,0"
"15/04/2026";"0700";"14,7";"15,1";"14,6";"";"";"";"";"";"";"908,8";"909,3";"908,8";"3,5";"74,0";"6,9";"";"0,0"
"15/04/2026";"0800";"15,0";"15,1";"14,6";"";"";"";"";"";"";"908,7";"908,9";"908,5";"5,0";"68,0";"7,6";"";"0,0"
"15/04/2026";"0900";"15,2";"15,3";"14,9";"";"";"";"";"";"";"909,4";"909,4";"908,7";"4,9";"62,0";"9,3";"";"0,0"
"15/04/2026";"1000";"15,3";"15,3";"14,8";"";"";"";"";"";"";"909,5";"909,7";"909,4";"5,4";"75,0";"8,4";"19,50";"0,0"
"15/04/2026";"1100";"16,1";"16,2";"15,3";"";"";"96,0";"16,5";"16,6";"15,3";"910,2";"910,2";"909,5";"4,9";"81,0";"7,6";"213,00";"0,0"
"15/04/2026";"1200";"16,7";"16,7";"16,0";"";"";"";"";"";"";"910,5";"910,5";"910,2";"6,1";"71,0";"8,9";"586,80";"0,0"
"15/04/2026";"1300";"17,7";"17,8";"16,5";"90,0";"";"88,0";"16,0";"17,8";"15,6";"910,6";"910,7";"910,5";"6,1";"70,0";"12,4";"949,60";"0,0"
"15/04/2026";"1400";"17,6";"17,9";"17,1";"91,0";"98,0";"88,0";"16,1";"17,0";"15,5";"910,6";"910,7";"910,5";"5,9";"73,0";"10,8";"655,90";"0,0"
"15/04/2026";"1500";"17,9";"18,5";"17,6";"93,0";"95,0";"88,0";"16,7";"17,4";"16,1";"910,3";"910,6";"910,3";"6,5";"69,0";"10,0";"1029,50";"0,0"
"15/04/2026";"1600";"19,8";"20,3";"17,9";"76,0";"93,0";"75,0";"15,5";"17,1";"15,3";"909,8";"910,3";"909,8";"5,5";"53,0";"10,9";"1524,60";"0,0"
"15/04/2026";"1700";"21,2";"21,3";"19,7";"67,0";"78,0";"67,0";"14,9";"16,1";"14,6";"908,8";"909,8";"908,8";"7,4";"64,0";"12,0";"1889,50";"0,0"
"15/04/2026";"1800";"20,2";"21,9";"20,1";"72,0";"72,0";"66,0";"14,9";"16,2";"14,0";"908,6";"908,8";"908,5";"7,4";"23,0";"12,0";"1718,80";"0,0"
"15/04/2026";"1900";"20,7";"21,2";"20,1";"66,0";"73,0";"66,0";"14,2";"15,7";"14,2";"907,9";"908,6";"907,9";"5,1";"57,0";"10,2";"1243,00";"0,0"
"15/04/2026";"2000";"19,5";"20,9";"19,5";"74,0";"74,0";"66,0";"14,6";"15,1";"14,3";"908,1";"908,1";"907,9";"4,5";"36,0";"8,7";"715,00";"0,0"
"15/04/2026";"2100";"18,3";"19,5";"18,2";"80,0";"81,0";"73,0";"14,7";"14,8";"14,5";"908,0";"908,1";"907,9";"2,5";"59,0";"6,9";"118,30";"0,0"
"15/04/2026";"2200";"17,2";"18,3";"17,2";"85,0";"85,0";"80,0";"14,6";"14,9";"14,5";"908,0";"908,0";"907,8";"3,0";"63,0";"5,1";"0,20";"0,0"
"15/04/2026";"2300";"16,6";"17,3";"15,9";"99,0";"";"84,0";"16,4";"16,9";"14,6";"908,1";"908,1";"908,0";"3,7";"64,0";"5,5";"";"0,0"
"16/04/2026";"0000";"16,6";"16,8";"16,5";"";"";"";"";"";"";"908,1";"908,1";"908,0";"4,5";"59,0";"7,8";"";"0,0"
"16/04/2026";"0100";"16,7";"16,8";"16,4";"";"";"";"";"";"";"908,5";"908,5";"908,1";"4,7";"64,0";"8,1";"";"0,0"
"16/04/2026";"0200";"16,9";"17,1";"16,7";"";"";"";"";"";"";"908,6";"908,7";"908,4";"4,3";"56,0";"8,9";"";"0,0"
"16/04/2026";"0300";"16,7";"16,9";"16,6";"";"";"";"";"";"";"908,3";"908,6";"908,2";"4,3";"70,0";"8,0";"";"0,0"
"16/04/2026";"0400";"16,4";"16,8";"16,4";"";"";"";"";"";"";"908,2";"908,5";"908,2";"4,9";"68,0";"8,8";"";"0,0"
"16/04/2026";"0500";"16,2";"16,4";"16,2";"";"";"";"";"";"";"908,0";"908,4";"907,9";"4,4";"67,0";"7,8";"";"0,0"
"16/04/2026";"0600";"16,2";"16,4";"16,1";"95,0";"";"";"15,4";"";"";"907,8";"908,0";"907,7";"4,3";"58,0";"8,6";"";"0,0"
"16/04/2026";"0700";"16,0";"16,3";"15,9";"";"";"95,0";"16,6";"16,6";"15,4";"907,0";"907,8";"907,0";"3,6";"47,0";"8,1";"";"0,0"
"16/04/2026";"0800";"15,6";"16,0";"15,6";"";"";"";"";"";"";"906,8";"907,1";"906,7";"5,8";"43,0";"8,6";"";"0,0"
"16/04/2026";"0900";"15,2";"15,7";"15,1";"";"";"";"";"";"";"907,4";"907,4";"906,8";"3,3";"36,0";"8,6";"";"0,0"
"16/04/2026";"1000";"15,2";"15,2";"15,0";"";"";"";"";"";"";"907,6";"907,6";"907,4";"3,0";"40,0";"5,5";"15,20";"0,0"
"16/04/2026";"1100";"16,1";"16,1";"15,2";"";"";"";"";"";"";"908,1";"908,1";"907,6";"2,8";"39,0";"4,5";"269,10";"0,0"
"16/04/2026";"1200";"16,9";"16,9";"16,1";"96,0";"";"";"16,2";"";"";"908,1";"908,1";"907,9";"4,1";"65,0";"6,2";"423,30";"0,0"
"16/04/2026";"1300";"17,4";"17,5";"16,9";"89,0";"97,0";"88,0";"15,6";"16,5";"15,1";"908,0";"908,1";"907,9";"4,4";"62,0";"8,6";"626,70";"0,0"
"16/04/2026";"1400";"19,0";"19,1";"17,3";"80,0";"90,0";"80,0";"15,5";"16,0";"15,1";"907,9";"908,2";"907,9";"4,9";"73,0";"7,4";"885,00";"0,0"
"16/04/2026";"1500";"20,3";"20,7";"18,8";"71,0";"82,0";"70,0";"14,8";"16,3";"14,6";"906,9";"907,9";"906,9";"6,8";"76,0";"9,9";"1917,00";"0,0"
"16/04/2026";"1600";"20,1";"21,5";"19,9";"72,0";"75,0";"67,0";"15,0";"16,5";"14,5";"906,1";"907,0";"906,1";"4,4";"64,0";"10,1";"2274,80";"0,0"
"16/04/2026";"1700";"20,3";"21,0";"19,8";"73,0";"76,0";"70,0";"15,1";"16,2";"14,7";"905,4";"906,1";"905,4";"5,0";"50,0";"8,1";"1082,40";"0,0"
"16/04/2026";"1800";"20,8";"21,6";"19,9";"70,0";"75,0";"67,0";"15,0";"16,0";"14,9";"905,1";"905,4";"905,0";"5,4";"39,0";"8,3";"1531,80";"0,0"
"16/04/2026";"1900";"20,2";"21,7";"20,1";"75,0";"76,0";"69,0";"15,7";"16,3";"14,8";"904,8";"905,1";"904,7";"4,1";"43,0";"8,7";"1027,90";"0,0"
"16/04/2026";"2000";"20,2";"21,0";"19,9";"77,0";"78,0";"73,0";"16,0";"16,4";"15,6";"904,2";"904,8";"904,2";"4,3";"53,0";"6,9";"745,50";"0,0"
"16/04/2026";"2100";"18,9";"20,2";"18,9";"83,0";"84,0";"76,0";"16,0";"16,1";"15,8";"904,4";"904,4";"904,1";"4,4";"46,0";"6,9";"125,90";"0,0"
"16/04/2026";"2200";"18,5";"18,9";"18,4";"87,0";"88,0";"83,0";"16,3";"16,3";"16,0";"904,4";"904,4";"904,1";"4,1";"54,0";"7,5";"1,10";"0,0"
"16/04/2026";"2300";"17,9";"18,5";"17,9";"92,0";"92,0";"87,0";"16,6";"16,6";"16,2";"904,6";"904,6";"904,2";"3,0";"46,0";"6,8";"";"0,0"
"17/04/2026";"0000";"18,0";"18,1";"17,8";"95,0";"96,0";"92,0";"17,2";"17,4";"16,5";"904,7";"904,8";"904,5";"2,8";"45,0";"5,5";"";"0,0"
"17/04/2026";"0100";"17,7";"18,0";"17,6";"";"";"";"";"";"";"904,8";"904,8";"904,7";"2,7";"44,0";"5,5";"";"0,0"
"17/04/2026";"0200";"17,6";"17,8";"17,6";"";"";"";"";"";"";"904,7";"904,9";"904,6";"2,4";"43,0";"5,5";"";"0,0"
"17/04/2026";"0300";"17,6";"17,7";"17,6";"";"";"";"";"";"";"904,2";"904,8";"904,2";"2,4";"53,0";"4,3";"";"0,0"
"17/04/2026";"0400";"17,8";"17,9";"17,6";"";"";"";"";"";"";"904,1";"904,3";"904,1";"3,1";"33,0";"6,0";"";"0,0"
"17/04/2026";"0500";"17,8";"17,8";"17,8";"";"";"";"";"";"";"903,7";"904,2";"903,7";"2,4";"45,0";"4,7";"";"0,0"
"17/04/2026";"0600";"17,8";"17,8";"17,7";"";"";"";"";"";"";"903,6";"903,7";"903,5";"2,3";"32,0";"5,6";"";"0,0"
"17/04/2026";"0700";"17,8";"17,9";"17,8";"";"";"";"";"";"";"903,1";"903,6";"903,1";"2,5";"26,0";"4,0";"";"0,0"
"17/04/2026";"0800";"17,7";"17,8";"17,7";"";"";"";"";"";"";"903,0";"903,2";"903,0";"3,1";"18,0";"4,2";"0,10";"0,0"
"17/04/2026";"0900";"17,5";"17,7";"17,5";"";"";"";"";"";"";"903,5";"903,5";"903,0";"2,5";"353,0";"4,8";"0,10";"0,0"
"17/04/2026";"1000";"17,4";"17,6";"17,1";"";"";"";"";"";"";"903,8";"903,8";"903,5";"2,1";"11,0";"3,6";"7,20";"0,0"
"17/04/2026";"1100";"18,1";"18,1";"17,4";"";"";"";"";"";"";"904,5";"904,5";"903,8";"1,5";"10,0";"2,9";"230,40";"0,0"
"17/04/2026";"1200";"19,3";"20,1";"18,1";"90,0";"";"";"17,6";"";"";"904,7";"904,7";"904,5";"3,8";"315,0";"7,0";"709,90";"0,0"
"17/04/2026";"1300";"20,5";"21,1";"19,2";"80,0";"92,0";"78,0";"16,9";"18,6";"16,6";"904,8";"904,8";"904,6";"3,3";"299,0";"7,0";"1038,20";"0,0"
"17/04/2026";"1400";"21,6";"21,9";"20,5";"72,0";"81,0";"71,0";"16,3";"17,2";"15,8";"904,7";"904,8";"904,6";"4,0";"300,0";"9,2";"1239,20";"0,0"
"17/04/2026";"1500";"23,4";"23,9";"21,3";"64,0";"74,0";"62,0";"16,2";"17,6";"15,3";"903,9";"904,7";"903,9";"4,7";"310,0";"10,5";"2591,80";"0,0"
"17/04/2026";"1600";"22,1";"24,0";"21,8";"64,0";"67,0";"61,0";"14,9";"16,8";"14,6";"903,1";"903,9";"903,1";"4,8";"296,0";"11,0";"1706,80";"0,0"
"17/04/2026";"1700";"22,8";"24,5";"22,1";"60,0";"65,0";"53,0";"14,6";"16,3";"13,9";"902,5";"903,1";"902,5";"6,0";"282,0";"11,2";"2063,60";"0,0"
"17/04/2026";"1800";"22,8";"24,5";"22,6";"60,0";"62,0";"55,0";"14,6";"15,5";"13,9";"902,4";"902,5";"902,3";"5,6";"283,0";"12,2";"1634,60";"0,0"
"17/04/2026";"1900";"23,6";"23,9";"22,7";"56,0";"60,0";"53,0";"14,2";"14,7";"13,4";"902,3";"902,4";"902,0";"4,5";"293,0";"11,3";"1366,40";"0,0"
"17/04/2026";"2000";"23,2";"24,1";"23,2";"54,0";"56,0";"49,0";"13,3";"14,3";"12,2";"902,3";"902,4";"902,0";"3,0";"291,0";"11,5";"1009,20";"0,0"
"17/04/2026";"2100";"20,9";"23,2";"20,9";"66,0";"66,0";"53,0";"14,3";"14,3";"13,0";"902,4";"902,4";"902,2";"2,3";"279,0";"6,2";"228,80";"0,0"
"17/04/2026";"2200";"19,4";"20,9";"19,2";"75,0";"75,0";"66,0";"14,9";"15,0";"14,3";"903,0";"903,0";"902,4";"1,9";"260,0";"3,7";"0,50";"0,0"
"17/04/2026";"2300";"19,0";"19,4";"18,9";"78,0";"79,0";"75,0";"15,1";"15,2";"14,8";"903,6";"903,6";"903,0";"2,2";"253,0";"3,8";"";"0,0"
"18/04/2026";"0000";"18,0";"19,1";"18,0";"81,0";"81,0";"78,0";"14,6";"15,2";"14,5";"904,0";"904,0";"903,6";"2,2";"245,0";"4,6";"";"0,0"
"18/04/2026";"0100";"17,4";"18,0";"17,4";"85,0";"85,0";"81,0";"14,8";"14,9";"14,6";"904,0";"904,1";"904,0";"1,3";"192,0";"3,6";"";"0,0"
"18/04/2026";"0200";"16,7";"17,4";"16,6";"88,0";"88,0";"85,0";"14,8";"15,0";"14,6";"904,0";"904,1";"904,0";"1,6";"199,0";"2,0";"";"0,0"
"18/04/2026";"0300";"15,9";"16,7";"15,8";"";"";"88,0";"16,3";"16,6";"14,6";"904,0";"904,1";"903,9";"1,8";"252,0";"2,2";"";"0,0"
"18/04/2026";"0400";"15,0";"16,0";"15,0";"";"";"94,0";"";"16,3";"14,6";"903,6";"904,0";"903,6";"1,5";"219,0";"2,9";"";"0,0"
"18/04/2026";"0500";"14,2";"15,0";"13,7";"";"";"";"";"";"";"903,3";"903,6";"903,3";"0,9";"261,0";"2,1";"";"0,0"
"18/04/2026";"0600";"14,3";"14,3";"13,3";"";"";"";"";"";"";"903,0";"903,3";"903,0";"1,5";"207,0";"2,3";"";"0,0"
"18/04/2026";"0700";"14,6";"14,6";"14,0";"";"";"";"";"";"";"902,9";"903,0";"902,8";"2,0";"231,0";"2,8";"";"0,0"
"18/04/2026";"0800";"14,0";"14,7";"13,8";"";"";"";"";"";"";"903,1";"903,1";"902,8";"1,6";"215,0";"2,3";"";"0,0"
"18/04/2026";"0900";"14,0";"14,1";"13,3";"";"";"";"";"";"";"903,6";"903,6";"903,1";"1,6";"256,0";"2,7";"";"0,0"
"18/04/2026";"1000";"13,5";"14,1";"13,3";"";"";"";"";"";"";"904,0";"904,0";"903,6";"0,8";"269,0";"3,4";"18,10";"0,0"
"18/04/2026";"1100";"15,3";"15,3";"13,5";"";"";"";"";"";"";"904,3";"904,3";"904,0";"1,5";"259,0";"3,0";"621,30";"0,0"
"18/04/2026";"1200";"16,7";"17,0";"15,3";"86,0";"";"84,0";"14,3";"16,1";"13,9";"904,8";"904,8";"904,3";"2,5";"240,0";"4,2";"1495,60";"0,0"
"18/04/2026";"1300";"18,4";"18,4";"16,7";"75,0";"87,0";"75,0";"13,9";"15,3";"13,7";"905,0";"905,0";"904,8";"4,0";"245,0";"8,1";"1917,20";"0,0"
"18/04/2026";"1400";"19,6";"19,8";"18,2";"70,0";"77,0";"65,0";"14,1";"15,0";"12,9";"904,7";"905,0";"904,7";"3,6";"273,0";"8,3";"2481,00";"0,0"
"18/04/2026";"1500";"20,5";"20,7";"19,5";"63,0";"71,0";"60,0";"13,1";"14,4";"12,5";"904,3";"904,7";"904,3";"5,5";"248,0";"8,4";"2941,60";"0,0"
"18/04/2026";"1600";"21,7";"22,1";"20,5";"54,0";"63,0";"51,0";"12,0";"13,5";"11,1";"903,7";"904,3";"903,7";"3,8";"282,0";"8,2";"3002,50";"0,0"
"18/04/2026";"1700";"22,6";"23,1";"21,6";"49,0";"54,0";"47,0";"11,5";"12,2";"10,4";"903,2";"903,7";"903,2";"3,7";"236,0";"8,7";"2806,80";"0,0"
"18/04/2026";"1800";"23,0";"23,4";"22,6";"47,0";"52,0";"45,0";"11,1";"12,4";"10,3";"902,9";"903,2";"902,9";"4,8";"233,0";"7,6";"2371,00";"0,0"
"18/04/2026";"1900";"23,1";"23,4";"22,7";"47,0";"51,0";"45,0";"11,1";"12,3";"10,4";"902,9";"903,0";"902,8";"4,3";"249,0";"8,5";"1773,20";"0,0"
"18/04/2026";"2000";"22,4";"23,3";"22,4";"50,0";"51,0";"47,0";"11,5";"11,9";"11,1";"903,0";"903,1";"902,9";"4,1";"255,0";"8,0";"969,50";"0,0"
"18/04/2026";"2100";"20,4";"22,5";"20,3";"59,0";"59,0";"50,0";"12,2";"12,2";"11,3";"903,2";"903,2";"903,0";"2,1";"249,0";"6,6";"220,00";"0,0"
"18/04/2026";"2200";"18,9";"20,4";"18,9";"60,0";"64,0";"59,0";"11,1";"12,4";"11,1";"903,8";"903,8";"903,2";"3,0";"248,0";"4,5";"0,30";"0,0"
"18/04/2026";"2300";"18,0";"19,1";"17,9";"59,0";"61,0";"59,0";"10,0";"11,1";"9,9";"904,5";"904,5";"903,8";"2,0";"238,0";"4,3";"";"0,0"
"19/04/2026";"0000";"15,6";"18,0";"15,6";"68,0";"68,0";"59,0";"9,8";"10,1";"9,8";"905,1";"905,1";"904,5";"2,3";"210,0";"3,4";"";"0,0"
"19/04/2026";"0100";"14,9";"15,6";"14,6";"72,0";"73,0";"68,0";"10,0";"10,2";"9,7";"905,4";"905,4";"905,1";"2,9";"225,0";"3,4";"";"0,0"
"19/04/2026";"0200";"13,4";"15,0";"13,4";"79,0";"79,0";"72,0";"9,8";"10,0";"9,5";"905,4";"905,4";"905,3";"3,0";"220,0";"3,9";"";"0,0"
"19/04/2026";"0300";"13,0";"13,5";"13,0";"80,0";"80,0";"78,0";"9,6";"9,8";"9,5";"905,4";"905,4";"905,3";"2,4";"215,0";"3,8";"";"0,0"
"19/04/2026";"0400";"13,1";"13,4";"12,6";"79,0";"82,0";"79,0";"9,6";"9,9";"9,3";"905,6";"905,6";"905,4";"1,2";"217,0";"3,0";"";"0,0"
"19/04/2026";"0500";"11,6";"13,2";"11,4";"88,0";"88,0";"79,0";"9,6";"9,8";"9,1";"905,1";"905,6";"905,1";"2,3";"208,0";"3,7";"";"0,0"
"19/04/2026";"0600";"11,0";"11,8";"10,8";"";"";"87,0";"";"11,5";"9,4";"905,0";"905,2";"905,0";"1,9";"202,0";"3,7";"";"0,0"
"19/04/2026";"0700";"11,2";"11,3";"10,3";"";"";"";"";"";"";"904,8";"905,0";"904,8";"1,2";"204,0";"2,3";"";"0,0"
"19/04/2026";"0800";"9,4";"11,2";"9,4";"";"";"";"";"";"";"905,3";"905,3";"904,8";"0,2";"172,0";"1,5";"";"0,0"
"19/04/2026";"0900";"9,6";"10,1";"9,3";"";"";"";"";"";"";"905,9";"905,9";"905,3";"1,5";"212,0";"2,8";"";"0,0"
"19/04/2026";"1000";"9,3";"9,6";"8,9";"";"";"";"";"";"";"906,8";"906,8";"905,9";"1,0";"222,0";"2,6";"19,00";"0,0"
"19/04/2026";"1100";"12,4";"12,4";"9,3";"91,0";"";"";"11,0";"";"";"907,4";"907,4";"906,8";"0,9";"156,0";"2,0";"637,90";"0,2"
"19/04/2026";"1200";"15,9";"16,0";"12,2";"69,0";"91,0";"66,0";"10,1";"11,0";"8,6";"908,0";"908,0";"907,4";"0,6";"120,0";"1,9";"1518,40";"0,0"
"19/04/2026";"1300";"18,8";"18,8";"15,7";"58,0";"71,0";"57,0";"10,4";"11,2";"9,0";"908,3";"908,4";"908,0";"1,1";"100,0";"2,7";"2233,00";"0,0"
"19/04/2026";"1400";"21,3";"21,3";"18,8";"49,0";"61,0";"48,0";"10,1";"12,4";"9,6";"908,2";"908,3";"908,2";"1,6";"26,0";"4,0";"2713,70";"0,0"
"19/04/2026";"1500";"23,6";"23,8";"21,2";"37,0";"51,0";"33,0";"8,1";"11,1";"5,9";"907,8";"908,2";"907,7";"1,5";"293,0";"4,9";"2925,40";"0,0"
"19/04/2026";"1600";"24,8";"25,2";"23,4";"27,0";"39,0";"25,0";"4,6";"9,0";"3,2";"907,1";"907,8";"907,1";"3,6";"230,0";"5,6";"2944,80";"0,0"
"19/04/2026";"1700";"25,6";"25,7";"24,4";"29,0";"32,0";"26,0";"6,1";"7,5";"4,2";"906,8";"907,1";"906,8";"2,2";"281,0";"6,4";"2771,00";"0,0"
"19/04/2026";"1800";"26,1";"26,3";"25,1";"28,0";"31,0";"25,0";"6,1";"7,6";"3,7";"906,1";"906,8";"906,1";"2,2";"311,0";"5,8";"2353,90";"0,0"
"19/04/2026";"1900";"25,3";"26,2";"25,1";"23,0";"28,0";"21,0";"3,0";"6,2";"1,7";"906,2";"906,2";"906,1";"2,3";"208,0";"5,6";"1758,60";"0,0"
"19/04/2026";"2000";"24,2";"25,3";"24,2";"26,0";"26,0";"21,0";"3,7";"4,3";"1,2";"906,3";"906,3";"906,1";"2,7";"212,0";"6,5";"961,70";"0,0"
"19/04/2026";"2100";"22,2";"24,3";"22,2";"34,0";"34,0";"26,0";"5,5";"5,7";"3,5";"906,7";"906,7";"906,3";"1,3";"255,0";"4,5";"214,10";"0,0"
"19/04/2026";"2200";"21,0";"22,2";"21,0";"39,0";"39,0";"34,0";"6,6";"6,6";"5,4";"907,5";"907,5";"906,7";"1,5";"238,0";"2,7";"";"0,0"
"19/04/2026";"2300";"17,6";"21,2";"17,6";"56,0";"56,0";"39,0";"8,7";"8,7";"6,6";"908,3";"908,3";"907,5";"1,8";"242,0";"4,7";"";"0,0"
"20/04/2026";"0000";"16,7";"17,6";"14,4";"59,0";"68,0";"53,0";"8,8";"9,3";"8,0";"908,9";"909,0";"908,3";"0,6";"175,0";"3,8";"";"0,0"
"20/04/2026";"0100";"14,9";"16,9";"14,9";"68,0";"68,0";"59,0";"8,9";"9,4";"8,5";"909,0";"909,1";"908,8";"0,7";"68,0";"2,1";"";"0,0"
"20/04/2026";"0200";"13,5";"14,9";"13,5";"75,0";"75,0";"66,0";"9,2";"9,2";"8,3";"909,2";"909,3";"909,0";"0,9";"22,0";"2,3";"";"0,0"
"20/04/2026";"0300";"13,3";"14,1";"12,8";"76,0";"78,0";"73,0";"9,2";"9,4";"8,8";"909,5";"909,6";"909,2";"1,2";"103,0";"2,4";"";"0,0"
"20/04/2026";"0400";"12,5";"13,3";"12,4";"83,0";"83,0";"76,0";"9,7";"9,7";"9,1";"909,6";"909,6";"909,4";"0,5";"26,0";"2,6";"";"0,0"
"20/04/2026";"0500";"12,7";"12,9";"12,2";"85,0";"87,0";"81,0";"10,2";"10,8";"9,4";"909,2";"909,6";"909,2";"1,1";"101,0";"2,4";"";"0,0"
"20/04/2026";"0600";"13,3";"13,3";"12,4";"87,0";"88,0";"85,0";"11,2";"11,2";"10,1";"909,1";"909,3";"909,0";"0,8";"138,0";"1,9";"";"0,0"
"20/04/2026";"0700";"12,7";"13,3";"12,4";"87,0";"87,0";"86,0";"10,5";"11,2";"10,4";"909,2";"909,2";"909,0";"0,6";"348,0";"2,2";"";"0,0"
"20/04/2026";"0800";"13,0";"13,1";"12,7";"89,0";"90,0";"87,0";"11,2";"11,4";"10,5";"909,1";"909,2";"909,1";"1,4";"113,0";"2,7";"";"0,0"
"20/04/2026";"0900";"13,6";"13,6";"12,8";"";"";"89,0";"";"";"";"909,4";"909,4";"909,1";"1,2";"79,0";"3,0";"0,10";"0,0"
"20/04/2026";"1000";"14,4";"14,4";"13,6";"";"";"";"";"";"";"910,1";"910,1";"909,4";"3,2";"57,0";"6,2";"9,60";"0,0"
"20/04/2026";"1100";"14,6";"14,7";"14,3";"";"";"";"15,0";"";"";"910,7";"910,7";"910,1";"2,1";"55,0";"4,8";"191,60";"0,0"
"20/04/2026";"1200";"15,6";"15,7";"14,5";"88,0";"";"88,0";"13,6";"15,2";"13,1";"911,0";"911,0";"910,7";"3,3";"57,0";"6,1";"541,40";"0,0"
"20/04/2026";"1300";"17,2";"17,9";"15,5";"75,0";"89,0";"74,0";"12,8";"14,5";"12,7";"911,2";"911,4";"911,0";"3,9";"72,0";"5,6";"1784,90";"0,0"
"20/04/2026";"1400";"19,5";"19,8";"17,2";"67,0";"76,0";"65,0";"13,2";"14,1";"12,4";"910,8";"911,2";"910,8";"3,7";"56,0";"6,6";"2676,00";"0,0"
"20/04/2026";"1500";"21,5";"21,6";"19,4";"57,0";"69,0";"56,0";"12,7";"13,9";"12,2";"910,3";"910,9";"910,3";"4,5";"62,0";"7,4";"2927,30";"0,0"
"20/04/2026";"1600";"23,3";"23,7";"21,3";"45,0";"58,0";"44,0";"10,9";"13,2";"10,5";"909,6";"910,3";"909,5";"5,5";"78,0";"8,4";"2968,60";"0,0"
"20/04/2026";"1700";"24,4";"24,8";"22,9";"32,0";"48,0";"31,0";"6,4";"11,6";"6,4";"909,6";"909,7";"909,5";"4,1";"62,0";"8,3";"2724,90";"0,0"
"20/04/2026";"1800";"24,8";"25,0";"24,1";"30,0";"36,0";"30,0";"6,1";"8,4";"5,7";"908,9";"909,6";"908,8";"5,3";"70,0";"9,2";"2152,40";"0,0"
"20/04/2026";"1900";"23,8";"25,0";"23,8";"31,0";"34,0";"28,0";"5,8";"7,5";"4,8";"908,7";"908,9";"908,7";"5,0";"50,0";"7,5";"1712,40";"0,0"
"20/04/2026";"2000";"22,0";"24,1";"22,0";"38,0";"38,0";"29,0";"7,1";"7,2";"4,6";"908,8";"908,9";"908,6";"3,8";"35,0";"7,5";"815,60";"0,0"
"20/04/2026";"2100";"19,6";"22,0";"19,6";"48,0";"48,0";"38,0";"8,3";"8,4";"6,9";"909,0";"909,0";"908,8";"3,0";"29,0";"5,5";"163,60";"0,0"
"20/04/2026";"2200";"18,0";"19,6";"18,0";"62,0";"62,0";"48,0";"10,6";"10,7";"8,2";"909,4";"909,4";"909,0";"3,5";"21,0";"5,3";"";"0,0"
"20/04/2026";"2300";"17,5";"18,1";"17,2";"65,0";"66,0";"62,0";"10,9";"11,1";"10,6";"909,3";"909,4";"909,2";"1,6";"63,0";"4,6";"";"0,0"
"21/04/2026";"0000";"16,7";"17,5";"16,7";"66,0";"66,0";"64,0";"10,4";"11,0";"10,3";"909,6";"909,7";"909,3";"1,4";"71,0";"2,1";"";"0,0"
"21/04/2026";"0100";"15,5";"16,7";"15,5";"73,0";"73,0";"66,0";"10,6";"10,9";"10,4";"909,9";"909,9";"909,6";"1,7";"116,0";"1,9";"";"0,0"
"21/04/2026";"0200";"14,2";"15,5";"14,2";"77,0";"77,0";"73,0";"10,3";"10,8";"10,2";"910,3";"910,5";"909,9";"1,2";"107,0";"2,4";"";"0,0"
"21/04/2026";"0300";"13,6";"14,2";"13,4";"81,0";"82,0";"77,0";"10,5";"10,5";"10,1";"910,3";"910,4";"910,1";"0,7";"84,0";"1,9";"";"0,0"
"21/04/2026";"0400";"13,6";"13,7";"13,1";"";"";"80,0";"";"14,1";"10,2";"910,1";"910,3";"910,0";"2,3";"57,0";"3,3";"";"0,0"
"21/04/2026";"0500";"14,2";"14,2";"13,3";"";"";"";"";"";"";"909,7";"910,1";"909,4";"1,9";"16,0";"3,7";"";"0,0"
"21/04/2026";"0600";"14,4";"14,5";"14,2";"";"";"";"";"";"";"910,1";"910,1";"909,7";"2,5";"63,0";"5,1";"";"0,0"
"21/04/2026";"0700";"13,7";"14,4";"13,7";"";"";"";"";"";"";"909,8";"910,1";"909,8";"2,0";"77,0";"4,6";"";"0,0"
"21/04/2026";"0800";"13,7";"13,9";"13,6";"";"";"";"";"";"";"910,1";"910,2";"909,8";"3,4";"73,0";"5,2";"";"0,0"
"21/04/2026";"0900";"13,3";"13,7";"13,2";"";"";"";"";"";"";"910,5";"910,5";"910,1";"2,5";"70,0";"4,8";"";"0,0"
"21/04/2026";"1000";"13,3";"13,3";"13,1";"";"";"";"";"";"";"911,2";"911,2";"910,5";"1,7";"62,0";"3,0";"10,80";"0,0"
"21/04/2026";"1100";"14,1";"14,1";"13,3";"";"";"";"";"";"";"911,3";"911,5";"911,2";"3,1";"73,0";"4,5";"281,70";"0,0"
"21/04/2026";"1200";"14,8";"14,9";"14,1";"96,0";"";"";"14,3";"";"";"911,7";"911,8";"911,3";"3,8";"75,0";"6,4";"458,20";"0,0"
"21/04/2026";"1300";"16,3";"16,4";"14,8";"87,0";"100,0";"86,0";"14,2";"15,2";"13,7";"912,0";"912,0";"911,5";"4,7";"86,0";"7,0";"857,30";"0,0"
"21/04/2026";"1400";"17,6";"17,8";"16,3";"75,0";"87,0";"75,0";"13,1";"14,1";"13,1";"911,7";"912,0";"911,5";"5,3";"78,0";"7,9";"1103,90";"0,0"
"21/04/2026";"1500";"18,8";"18,8";"17,6";"74,0";"77,0";"72,0";"14,0";"14,0";"12,9";"911,5";"911,9";"911,5";"3,9";"42,0";"7,1";"1309,80";"0,0"
"21/04/2026";"1600";"20,3";"20,4";"18,8";"66,0";"74,0";"66,0";"13,8";"14,5";"13,5";"910,6";"911,5";"910,6";"4,0";"94,0";"6,8";"1607,00";"0,0"
"21/04/2026";"1700";"22,1";"22,7";"20,3";"55,0";"66,0";"53,0";"12,5";"14,4";"11,9";"909,8";"910,6";"909,7";"4,1";"73,0";"7,7";"3005,70";"0,0"
"21/04/2026";"1800";"23,0";"23,3";"21,6";"52,0";"58,0";"51,0";"12,7";"13,6";"11,6";"909,6";"909,8";"909,6";"3,2";"74,0";"6,7";"2045,90";"0,0"
"21/04/2026";"1900";"22,1";"23,1";"22,0";"53,0";"54,0";"46,0";"12,0";"13,2";"10,6";"909,4";"909,6";"909,3";"4,3";"67,0";"7,6";"1692,70";"0,0"
"21/04/2026";"2000";"20,3";"22,1";"20,3";"60,0";"60,0";"50,0";"12,2";"12,4";"11,2";"909,3";"909,4";"909,3";"3,5";"73,0";"6,8";"896,40";"0,0"
"21/04/2026";"2100";"18,9";"20,3";"18,9";"70,0";"70,0";"59,0";"13,3";"13,4";"12,0";"909,5";"909,5";"909,3";"2,4";"69,0";"5,6";"108,80";"0,0"
"21/04/2026";"2200";"17,7";"19,0";"17,7";"76,0";"76,0";"70,0";"13,4";"13,6";"13,3";"909,8";"909,8";"909,5";"1,9";"50,0";"4,0";"0,10";"0,0"
"21/04/2026";"2300";"17,2";"17,7";"17,0";"77,0";"78,0";"76,0";"13,2";"13,4";"13,1";"910,0";"910,0";"909,6";"1,6";"67,0";"3,6";"";"0,0"
"22/04/2026";"0000";"16,5";"17,2";"16,3";"79,0";"82,0";"77,0";"12,9";"13,3";"12,9";"910,4";"910,5";"910,0";"1,4";"60,0";"2,8";"";"0,0"
"22/04/2026";"0100";"15,7";"16,5";"15,5";"85,0";"87,0";"79,0";"13,3";"13,7";"12,8";"910,8";"910,8";"910,4";"1,8";"92,0";"2,5";"";"0,0"
"22/04/2026";"0200";"14,8";"15,7";"14,8";"89,0";"90,0";"84,0";"13,0";"13,5";"12,6";"910,6";"910,8";"910,6";"1,0";"43,0";"2,5";"";"0,0"
"22/04/2026";"0300";"14,7";"15,0";"14,5";"92,0";"93,0";"89,0";"13,5";"13,5";"12,9";"910,5";"910,7";"910,5";"1,7";"70,0";"2,3";"";"0,0"
"22/04/2026";"0400";"14,0";"14,7";"13,9";"";"";"";"";"";"";"910,5";"910,5";"910,4";"1,9";"63,0";"2,9";"";"0,0"
"22/04/2026";"0500";"13,8";"14,2";"13,7";"";"";"";"";"";"";"910,2";"910,5";"910,2";"1,2";"112,0";"2,5";"";"0,0"
"22/04/2026";"0600";"13,6";"13,8";"13,4";"";"";"";"";"";"";"910,1";"910,3";"910,1";"1,5";"108,0";"2,6";"";"0,0"
"22/04/2026";"0700";"14,3";"14,4";"13,6";"";"";"";"";"";"";"909,9";"910,1";"909,8";"3,1";"63,0";"5,1";"0,10";"0,0"
"22/04/2026";"0800";"14,3";"14,3";"14,1";"";"";"";"";"";"";"910,1";"910,1";"909,8";"1,7";"57,0";"4,9";"0,10";"0,0"
"22/04/2026";"0900";"13,9";"14,5";"13,9";"";"";"";"";"";"";"910,3";"910,3";"910,1";"1,9";"70,0";"3,9";"";"0,0"
"22/04/2026";"1000";"13,6";"14,0";"13,4";"";"";"";"";"";"";"910,8";"910,8";"910,3";"1,5";"94,0";"2,6";"15,60";"0,0"
"22/04/2026";"1100";"16,1";"16,2";"13,6";"";"";"";"";"";"";"911,3";"911,3";"910,8";"0,7";"81,0";"2,1";"513,40";"0,0"
"22/04/2026";"1200";"16,3";"16,6";"15,7";"90,0";"";"86,0";"14,7";"16,6";"14,1";"911,7";"911,8";"911,3";"2,5";"81,0";"3,8";"1323,30";"0,0"
"22/04/2026";"1300";"19,1";"19,3";"16,3";"78,0";"92,0";"76,0";"15,2";"16,3";"14,1";"911,7";"911,8";"911,7";"1,8";"41,0";"4,8";"1988,10";"0,0"
"22/04/2026";"1400";"21,7";"21,7";"19,0";"71,0";"79,0";"70,0";"16,2";"16,2";"14,7";"911,3";"911,7";"911,3";"1,9";"63,0";"3,8";"2538,80";"0,0"
"22/04/2026";"1500";"23,8";"24,1";"21,2";"59,0";"71,0";"59,0";"15,3";"16,9";"14,5";"910,8";"911,3";"910,8";"1,0";"42,0";"4,4";"2770,30";"0,0"
"22/04/2026";"1600";"25,6";"25,6";"23,7";"56,0";"64,0";"56,0";"16,3";"16,8";"14,9";"910,1";"910,8";"910,1";"0,8";"272,0";"4,0";"2649,00";"0,0"
"22/04/2026";"1700";"25,4";"25,6";"23,7";"55,0";"62,0";"54,0";"15,6";"16,4";"14,5";"909,6";"910,1";"909,6";"2,7";"223,0";"5,7";"2142,80";"0,0"
"22/04/2026";"1800";"26,4";"26,4";"24,8";"51,0";"57,0";"50,0";"15,6";"16,4";"14,5";"909,2";"909,6";"909,2";"2,4";"304,0";"6,6";"2190,20";"0,0"
"22/04/2026";"1900";"26,3";"26,9";"25,5";"49,0";"53,0";"47,0";"14,8";"15,8";"13,5";"909,0";"909,2";"909,0";"2,6";"278,0";"5,7";"1683,90";"0,0"
"22/04/2026";"2000";"25,4";"26,4";"24,4";"52,0";"56,0";"48,0";"14,8";"15,5";"14,3";"909,3";"909,3";"909,0";"2,1";"299,0";"5,1";"793,50";"0,0"
"22/04/2026";"2100";"23,0";"25,4";"23,0";"60,0";"60,0";"52,0";"14,7";"14,9";"14,4";"909,6";"909,6";"909,3";"1,6";"282,0";"4,8";"211,60";"0,0"
"22/04/2026";"2200";"22,5";"23,1";"21,5";"63,0";"66,0";"60,0";"15,1";"15,2";"14,7";"910,3";"910,3";"909,6";"0,9";"208,0";"2,5";"";"0,0"
"22/04/2026";"2300";"21,8";"22,9";"21,3";"67,0";"68,0";"61,0";"15,5";"15,5";"14,9";"910,8";"910,8";"910,3";"0,9";"191,0";"2,3";"";"0,0"
"23/04/2026";"0000";"18,7";"21,8";"18,3";"82,0";"82,0";"67,0";"15,5";"15,9";"14,0";"911,4";"911,4";"910,8";"2,0";"91,0";"4,0";"";"0,0"
"23/04/2026";"0100";"18,4";"18,9";"18,4";"90,0";"91,0";"82,0";"16,7";"17,2";"15,6";"911,8";"911,8";"911,4";"1,0";"50,0";"2,5";"";"0,0"
"23/04/2026";"0200";"18,8";"18,8";"18,4";"91,0";"92,0";"90,0";"17,3";"17,5";"16,7";"911,6";"911,8";"911,6";"1,4";"33,0";"2,6";"";"0,0"
"23/04/2026";"0300";"18,4";"18,8";"18,4";"96,0";"96,0";"90,0";"17,7";"17,7";"17,0";"911,6";"911,8";"911,6";"1,9";"79,0";"3,2";"";"0,0"
"23/04/2026";"0400";"17,1";"18,4";"17,1";"";"";"95,0";"";"18,7";"17,4";"911,4";"911,6";"911,4";"1,8";"118,0";"2,6";"";"0,0"
"23/04/2026";"0500";"17,1";"17,2";"16,9";"";"";"";"";"";"";"910,9";"911,4";"910,9";"2,2";"57,0";"2,8";"";"0,0"
"23/04/2026";"0600";"16,8";"17,4";"16,4";"";"";"";"";"";"";"910,8";"911,0";"910,7";"1,2";"71,0";"3,7";"";"0,0"
"23/04/2026";"0700";"15,9";"16,8";"15,9";"";"";"";"";"";"";"910,5";"910,8";"910,5";"1,0";"138,0";"1,6";"";"0,0"
"23/04/2026";"0800";"15,3";"15,9";"15,3";"";"";"";"";"";"";"910,5";"910,7";"910,5";"1,6";"132,0";"1,7";"";"0,0"
"23/04/2026";"0900";"14,9";"15,3";"14,8";"";"";"";"";"";"";"910,9";"910,9";"910,5";"0,3";"264,0";"1,7";"";"0,0"
"23/04/2026";"1000";"14,6";"15,0";"14,4";"";"";"";"";"";"";"911,5";"911,5";"910,9";"0,7";"163,0";"1,7";"15,50";"0,0"
"23/04/2026";"1100";"16,7";"16,7";"14,6";"";"";"";"";"";"";"912,4";"912,4";"911,5";"1,2";"189,0";"2,0";"524,40";"0,0"
"23/04/2026";"1200";"19,5";"19,7";"16,6";"79,0";"";"78,0";"15,7";"17,5";"15,5";"912,9";"912,9";"912,4";"1,3";"83,0";"2,4";"1316,20";"0,0"
"23/04/2026";"1300";"22,0";"22,2";"19,4";"71,0";"82,0";"71,0";"16,6";"17,6";"15,5";"912,8";"913,0";"912,8";"3,6";"60,0";"5,4";"1978,40";"0,0"
"23/04/2026";"1400";"22,6";"23,1";"21,6";"68,0";"73,0";"66,0";"16,5";"17,3";"15,9";"912,9";"912,9";"912,8";"3,6";"51,0";"6,7";"2288,10";"0,0"
"23/04/2026";"1500";"23,4";"24,1";"22,0";"67,0";"71,0";"63,0";"17,0";"18,0";"15,9";"912,2";"912,9";"912,2";"4,6";"30,0";"8,5";"2440,00";"0,0"
"23/04/2026";"1600";"23,6";"23,8";"21,8";"64,0";"70,0";"62,0";"16,5";"17,1";"15,3";"911,8";"912,2";"911,8";"3,5";"34,0";"7,5";"2625,80";"0,0"
"23/04/2026";"1700";"24,0";"24,1";"22,7";"62,0";"67,0";"62,0";"16,4";"17,2";"15,2";"910,9";"911,8";"910,9";"4,5";"4,0";"7,3";"2623,40";"0,0"
"23/04/2026";"1800";"23,5";"24,4";"23,2";"62,0";"67,0";"60,0";"15,9";"17,5";"15,5";"910,5";"910,9";"910,5";"3,9";"55,0";"8,3";"2284,60";"0,0"
"23/04/2026";"1900";"22,6";"24,7";"22,6";"66,0";"66,0";"59,0";"15,9";"16,9";"15,3";"910,5";"910,6";"910,4";"4,2";"42,0";"6,8";"1262,90";"0,0"
"23/04/2026";"2000";"21,5";"22,9";"21,5";"71,0";"71,0";"65,0";"16,0";"16,5";"15,6";"910,5";"910,6";"910,4";"4,7";"33,0";"7,2";"761,30";"0,0"
"23/04/2026";"2100";"19,7";"21,6";"19,7";"79,0";"79,0";"71,0";"16,0";"16,2";"15,9";"910,7";"910,8";"910,5";"3,8";"41,0";"7,3";"146,30";"0,0"
"23/04/2026";"2200";"18,6";"19,7";"18,5";"88,0";"88,0";"79,0";"16,4";"16,4";"16,0";"911,3";"911,3";"910,7";"3,7";"37,0";"6,6";"";"0,0"
"23/04/2026";"2300";"17,9";"18,6";"17,9";"100,0";"100,0";"88,0";"17,9";"18,0";"16,4";"912,0";"912,0";"911,3";"3,3";"44,0";"5,6";"";"0,0"
"24/04/2026";"0000";"17,4";"18,0";"17,4";"";"";"95,0";"";"18,2";"16,9";"912,2";"912,3";"912,0";"2,8";"62,0";"5,5";"";"0,0"
"24/04/2026";"0100";"16,7";"17,4";"16,7";"";"";"";"";"";"";"912,5";"912,5";"912,1";"2,7";"61,0";"5,8";"";"0,0"
"24/04/2026";"0200";"16,5";"16,8";"16,4";"";"";"";"";"";"";"912,1";"912,5";"912,1";"2,5";"82,0";"3,9";"";"0,0"
"24/04/2026";"0300";"17,5";"17,7";"16,4";"95,0";"";"";"16,6";"";"";"911,5";"912,1";"911,5";"3,4";"57,0";"8,8";"";"0,0"
"24/04/2026";"0400";"17,3";"17,6";"17,3";"";"";"";"";"";"";"910,7";"911,5";"910,7";"4,8";"63,0";"9,1";"";"0,0"
"24/04/2026";"0500";"17,3";"17,4";"17,2";"90,0";"";"90,0";"15,6";"18,0";"15,6";"910,7";"910,8";"910,6";"4,1";"59,0";"7,9";"";"0,0"
"24/04/2026";"0600";"16,9";"17,3";"16,9";"84,0";"91,0";"84,0";"14,1";"15,6";"14,1";"910,6";"910,7";"910,4";"4,6";"59,0";"8,8";"";"0,0"
"24/04/2026";"0700";"16,1";"16,9";"16,1";"90,0";"90,0";"82,0";"14,5";"14,6";"13,6";"910,3";"910,7";"910,3";"4,5";"66,0";"8,9";"";"0,0"
"24/04/2026";"0800";"14,8";"16,0";"14,8";"";"";"90,0";"14,9";"15,2";"14,1";"910,5";"910,6";"910,3";"3,0";"49,0";"7,0";"";"0,0"
"24/04/2026";"0900";"14,5";"14,8";"14,4";"";"";"";"";"";"";"911,3";"911,3";"910,5";"2,6";"39,0";"4,9";"";"0,0"
"24/04/2026";"1000";"14,0";"14,5";"13,9";"";"";"";"";"";"";"911,3";"911,4";"911,1";"3,1";"41,0";"4,8";"10,70";"0,0"
"24/04/2026";"1100";"15,9";"16,5";"14,0";"88,0";"";"";"13,9";"";"";"912,2";"912,2";"911,3";"3,1";"39,0";"6,3";"569,30";"0,0"
"24/04/2026";"1200";"16,4";"17,5";"15,9";"78,0";"89,0";"76,0";"12,7";"14,1";"12,5";"912,4";"912,5";"912,1";"5,6";"45,0";"9,7";"958,00";"0,0"
"24/04/2026";"1300";"18,0";"18,6";"16,4";"73,0";"78,0";"69,0";"13,2";"13,3";"12,2";"912,1";"912,4";"912,1";"5,7";"45,0";"10,1";"1433,80";"0,0"
"24/04/2026";"1400";"18,9";"20,0";"17,8";"65,0";"73,0";"64,0";"12,2";"13,7";"12,0";"911,4";"912,1";"911,3";"5,3";"48,0";"9,6";"2332,80";"0,0"
"24/04/2026";"1500";"20,1";"20,7";"18,7";"63,0";"70,0";"61,0";"12,8";"13,9";"12,3";"910,5";"911,4";"910,5";"5,2";"33,0";"9,6";"2386,50";"0,0"
"24/04/2026";"1600";"20,1";"21,1";"19,5";"62,0";"67,0";"59,0";"12,7";"14,0";"12,2";"909,4";"910,5";"909,3";"4,4";"60,0";"8,1";"2435,60";"0,0"
"24/04/2026";"1700";"19,8";"21,5";"19,7";"66,0";"66,0";"60,0";"13,3";"14,0";"12,5";"908,7";"909,3";"908,7";"3,8";"40,0";"7,1";"1830,20";"0,0"
"24/04/2026";"1800";"19,1";"19,9";"19,0";"69,0";"70,0";"65,0";"13,3";"13,6";"12,8";"908,3";"908,7";"908,3";"3,3";"39,0";"6,3";"558,40";"0,0"
"24/04/2026";"1900";"19,5";"19,9";"19,1";"70,0";"71,0";"67,0";"13,8";"14,2";"13,2";"908,1";"908,3";"908,0";"2,2";"64,0";"4,8";"672,30";"0,0"
"24/04/2026";"2000";"19,4";"19,6";"19,2";"72,0";"72,0";"69,0";"14,3";"14,3";"13,6";"908,2";"908,3";"908,0";"1,7";"77,0";"3,6";"272,30";"0,0"
"24/04/2026";"2100";"18,4";"19,5";"18,3";"76,0";"76,0";"70,0";"14,2";"14,3";"13,7";"907,9";"908,3";"907,9";"2,9";"82,0";"4,4";"111,40";"0,0"
"24/04/2026";"2200";"17,9";"18,4";"17,9";"78,0";"78,0";"76,0";"14,1";"14,1";"13,9";"907,8";"908,0";"907,8";"2,3";"78,0";"3,8";"";"0,0"
"24/04/2026";"2300";"17,5";"17,9";"17,3";"82,0";"82,0";"78,0";"14,3";"14,3";"14,0";"908,2";"908,2";"907,8";"2,2";"53,0";"3,4";"";"0,0"
"25/04/2026";"0000";"17,2";"17,7";"17,1";"84,0";"84,0";"80,0";"14,4";"14,5";"14,1";"907,8";"908,2";"907,8";"2,7";"78,0";"3,8";"";"0,0"
"25/04/2026";"0100";"17,1";"17,4";"17,0";"83,0";"84,0";"83,0";"14,1";"14,5";"14,1";"907,5";"907,8";"907,5";"1,9";"64,0";"3,8";"";"0,0"
"25/04/2026";"0200";"17,1";"17,1";"16,9";"83,0";"84,0";"82,0";"14,2";"14,2";"14,0";"907,4";"907,6";"907,3";"1,4";"339,0";"3,0";"";"0,0"
"25/04/2026";"0300";"16,8";"17,5";"16,8";"86,0";"86,0";"81,0";"14,6";"14,6";"14,2";"907,6";"907,6";"907,3";"2,3";"74,0";"3,7";"";"0,4"
"25/04/2026";"0400";"16,1";"16,9";"16,0";"";"";"";"";"";"";"907,3";"907,8";"907,3";"1,5";"161,0";"4,4";"";"0,0"
"25/04/2026";"0500";"16,0";"16,3";"16,0";"";"";"";"";"";"";"907,2";"907,3";"907,2";"2,5";"217,0";"3,6";"";"0,0"
"25/04/2026";"0600";"16,0";"16,0";"15,8";"";"";"";"";"";"";"907,3";"907,4";"907,2";"1,6";"277,0";"3,7";"";"0,0"
"25/04/2026";"0700";"15,8";"16,2";"15,8";"";"";"";"";"";"";"907,1";"907,5";"907,1";"3,3";"210,0";"5,8";"";"0,0"
"25/04/2026";"0800";"15,2";"15,8";"15,2";"";"";"";"";"";"";"906,1";"907,1";"906,1";"1,5";"89,0";"7,1";"";"0,0"
"25/04/2026";"0900";"15,2";"15,3";"15,1";"";"";"";"";"";"";"906,1";"906,2";"905,9";"1,5";"32,0";"2,5";"";"0,0"
"25/04/2026";"1000";"15,2";"15,3";"15,0";"";"";"";"";"";"";"905,9";"907,0";"905,9";"2,7";"17,0";"3,5";"9,50";"0,0"
"25/04/2026";"1100";"16,2";"16,2";"15,2";"91,0";"";"";"14,7";"";"";"906,7";"906,7";"905,9";"1,2";"338,0";"4,4";"142,60";"0,0"
"25/04/2026";"1200";"15,8";"16,3";"15,6";"";"";"";"";"";"";"907,2";"907,2";"906,6";"2,0";"201,0";"4,5";"378,90";"0,0"
"25/04/2026";"1300";"17,9";"17,9";"15,8";"90,0";"";"";"16,2";"";"";"907,3";"907,3";"907,2";"1,4";"343,0";"3,6";"761,10";"0,0"
"25/04/2026";"1400";"18,7";"18,8";"17,9";"78,0";"90,0";"76,0";"14,8";"16,3";"14,1";"907,2";"907,5";"907,2";"3,2";"296,0";"5,8";"979,10";"0,0"
"25/04/2026";"1500";"19,2";"19,4";"18,3";"78,0";"82,0";"76,0";"15,2";"15,8";"14,3";"906,8";"907,3";"906,8";"4,5";"285,0";"10,4";"1071,60";"0,0"
"25/04/2026";"1600";"19,2";"19,4";"18,7";"81,0";"82,0";"77,0";"15,8";"15,9";"14,9";"906,0";"906,8";"906,0";"3,7";"288,0";"7,9";"903,80";"0,0"
"25/04/2026";"1700";"19,1";"19,7";"19,1";"77,0";"81,0";"76,0";"15,0";"16,0";"15,0";"905,7";"906,0";"905,7";"4,3";"282,0";"8,4";"919,90";"0,0"
"25/04/2026";"1800";"19,3";"19,6";"19,0";"75,0";"79,0";"74,0";"14,8";"15,4";"14,8";"905,4";"905,7";"905,3";"4,6";"283,0";"8,5";"842,30";"0,0"
"25/04/2026";"1900";"19,4";"19,9";"19,3";"77,0";"78,0";"74,0";"15,3";"15,5";"14,9";"905,7";"905,7";"905,3";"3,5";"257,0";"7,9";"554,00";"0,0"
"25/04/2026";"2000";"19,1";"19,5";"19,1";"78,0";"79,0";"77,0";"15,2";"15,5";"15,1";"905,9";"905,9";"905,7";"3,0";"263,0";"5,8";"293,30";"0,0"
"25/04/2026";"2100";"17,9";"19,1";"17,9";"85,0";"85,0";"78,0";"15,3";"15,7";"15,2";"905,6";"906,0";"905,6";"2,7";"216,0";"5,4";"95,10";"0,0"
"25/04/2026";"2200";"17,2";"17,8";"17,2";"92,0";"93,0";"85,0";"16,0";"16,0";"15,3";"905,8";"905,8";"905,6";"1,2";"242,0";"4,3";"";"0,0"
"25/04/2026";"2300";"16,9";"17,2";"16,8";"94,0";"95,0";"92,0";"15,9";"16,2";"15,6";"905,9";"906,1";"905,8";"1,6";"207,0";"2,5";"";"0,0"
"26/04/2026";"0000";"16,3";"17,0";"16,1";"";"";"";"";"";"";"906,1";"906,2";"905,9";"2,0";"228,0";"2,4";"";"0,0"
"26/04/2026";"0100";"16,0";"16,5";"15,3";"";"";"";"";"";"";"906,2";"906,4";"906,0";"1,5";"353,0";"3,2";"";"0,0"
"26/04/2026";"0200";"15,2";"16,1";"15,2";"";"";"";"";"";"";"905,7";"906,5";"905,7";"1,7";"81,0";"2,1";"";"0,0"
"26/04/2026";"0300";"15,2";"15,5";"15,0";"";"";"";"";"";"";"905,1";"905,7";"905,1";"1,2";"50,0";"2,0";"";"0,0"
"26/04/2026";"0400";"15,6";"15,6";"15,0";"";"";"";"";"";"";"904,9";"905,5";"904,9";"1,0";"353,0";"2,4";"";"0,0"
"26/04/2026";"0500";"15,4";"15,6";"15,2";"";"";"";"";"";"";"904,6";"905,2";"904,6";"0,5";"132,0";"2,8";"";"0,0"
"26/04/2026";"0600";"15,2";"15,4";"15,1";"";"";"";"";"";"";"904,3";"904,7";"904,2";"0,4";"159,0";"3,3";"";"1,0"
"26/04/2026";"0700";"15,3";"15,4";"15,2";"";"";"";"";"";"";"903,4";"904,3";"903,4";"1,1";"155,0";"2,2";"";"0,8"
"26/04/2026";"0800";"15,4";"15,5";"15,3";"";"";"";"";"";"";"903,2";"904,1";"903,0";"1,9";"48,0";"3,7";"0,10";"8,8"
"26/04/2026";"0900";"15,5";"15,5";"15,3";"";"";"";"";"";"";"904,1";"904,1";"903,2";"1,8";"77,0";"3,0";"0,20";"5,4"
"26/04/2026";"1000";"15,6";"15,7";"15,5";"";"";"";"";"";"";"904,3";"904,3";"903,8";"1,0";"46,0";"3,7";"1,00";"4,8"
"26/04/2026";"1100";"15,6";"15,7";"15,5";"";"";"";"";"";"";"904,2";"904,4";"903,9";"2,4";"92,0";"3,0";"19,50";"5,0"
"26/04/2026";"1200";"15,9";"15,9";"15,5";"";"";"";"";"";"";"904,3";"904,4";"903,9";"2,6";"63,0";"3,9";"211,10";"1,2"
"26/04/2026";"1300";"16,4";"16,4";"15,8";"";"";"";"";"";"";"904,7";"905,0";"904,2";"1,0";"338,0";"3,9";"403,90";"0,0"
"26/04/2026";"1400";"17,2";"17,5";"16,2";"";"";"";"";"";"";"904,7";"904,8";"904,6";"1,9";"54,0";"3,5";"689,70";"0,2"
"26/04/2026";"1500";"18,0";"18,3";"17,2";"";"";"";"";"";"";"904,1";"904,7";"904,1";"2,6";"355,0";"4,5";"834,20";"0,2"
"26/04/2026";"1600";"18,2";"18,2";"17,6";"";"";"";"";"";"";"903,6";"904,3";"903,6";"1,9";"353,0";"5,1";"649,50";"0,4"
"26/04/2026";"1700";"19,2";"19,4";"18,2";"87,0";"";"";"17,1";"";"";"902,7";"903,6";"902,7";"1,1";"343,0";"3,3";"1061,70";"0,2"
"26/04/2026";"1800";"19,9";"20,2";"19,2";"83,0";"89,0";"83,0";"16,9";"18,1";"16,9";"902,4";"902,7";"902,1";"2,6";"319,0";"4,7";"1017,10";"0,0"
"26/04/2026";"1900";"21,1";"21,1";"19,8";"81,0";"87,0";"79,0";"17,7";"18,1";"16,7";"902,8";"902,8";"902,3";"2,8";"313,0";"4,8";"1039,20";"0,0"
"26/04/2026";"2000";"20,4";"21,1";"19,9";"79,0";"83,0";"78,0";"16,7";"17,7";"16,3";"902,9";"903,0";"902,8";"2,3";"315,0";"6,1";"748,80";"0,0"
"26/04/2026";"2100";"18,8";"20,4";"18,8";"89,0";"89,0";"79,0";"17,0";"17,3";"16,5";"903,7";"903,7";"902,9";"2,0";"310,0";"4,8";"106,90";"0,0"
"26/04/2026";"2200";"18,3";"18,8";"18,3";"97,0";"98,0";"89,0";"17,8";"17,9";"16,9";"903,9";"903,9";"903,5";"1,3";"299,0";"3,6";"";"0,0"
"26/04/2026";"2300";"18,4";"18,4";"18,2";"100,0";"";"95,0";"18,3";"18,8";"17,5";"904,9";"905,0";"903,9";"3,3";"292,0";"5,2";"";"0,0"
"27/04/2026";"0000";"17,7";"18,4";"17,6";"";"";"";"";"";"";"904,8";"905,0";"904,7";"1,8";"320,0";"5,8";"";"0,0"
"27/04/2026";"0100";"17,4";"17,8";"17,4";"";"";"";"";"";"";"905,3";"905,4";"904,6";"2,5";"278,0";"5,1";"";"0,0"
"27/04/2026";"0200";"16,8";"17,4";"16,8";"";"";"";"";"";"";"905,3";"905,5";"905,2";"3,1";"259,0";"4,7";"";"0,0"
"27/04/2026";"0300";"16,6";"16,8";"16,5";"91,0";"";"";"15,1";"";"";"905,9";"905,9";"905,2";"3,9";"257,0";"7,0";"";"0,0"
"27/04/2026";"0400";"15,7";"16,6";"15,6";"90,0";"91,0";"89,0";"14,1";"15,1";"14,1";"905,8";"906,0";"905,6";"1,9";"266,0";"6,2";"";"0,0"
"27/04/2026";"0500";"15,0";"15,7";"15,0";"92,0";"92,0";"88,0";"13,8";"14,0";"13,6";"905,2";"905,9";"905,2";"3,1";"246,0";"4,7";"";"0,0"
"27/04/2026";"0600";"14,0";"15,1";"14,0";"";"";"92,0";"";"15,1";"13,6";"905,1";"905,5";"905,0";"0,4";"312,0";"4,6";"";"0,0"
"27/04/2026";"0700";"13,1";"14,0";"13,1";"";"";"";"";"";"";"905,4";"905,4";"905,1";"1,1";"264,0";"2,2";"";"0,0"
"27/04/2026";"0800";"12,4";"13,1";"12,4";"";"";"";"";"";"";"905,4";"905,4";"905,1";"1,1";"269,0";"2,8";"";"0,0"
"27/04/2026";"0900";"11,6";"12,4";"11,6";"";"";"";"";"";"";"906,3";"906,3";"905,4";"1,8";"297,0";"2,6";"";"0,0"
"27/04/2026";"1000";"11,4";"11,8";"11,4";"";"";"";"";"";"";"907,2";"907,2";"906,3";"1,6";"280,0";"2,9";"9,60";"0,0"
"27/04/2026";"1100";"12,8";"12,9";"11,1";"";"";"";"";"";"";"907,9";"907,9";"907,2";"1,5";"227,0";"3,6";"556,40";"0,0"
"27/04/2026";"1200";"14,6";"14,7";"12,8";"83,0";"";"82,0";"11,8";"13,1";"11,6";"908,6";"908,6";"907,8";"3,4";"271,0";"5,8";"1198,30";"0,0"
"27/04/2026";"1300";"16,1";"16,1";"14,5";"76,0";"84,0";"75,0";"11,9";"12,4";"10,4";"908,7";"908,8";"908,6";"3,6";"272,0";"9,0";"2067,80";"0,0"
"27/04/2026";"1400";"16,7";"16,9";"15,6";"68,0";"76,0";"66,0";"10,7";"11,7";"10,1";"908,3";"908,7";"908,3";"4,9";"301,0";"9,4";"2676,00";"0,0"
"27/04/2026";"1500";"18,4";"18,6";"16,7";"58,0";"71,0";"55,0";"10,0";"12,0";"8,4";"907,7";"908,4";"907,7";"5,1";"283,0";"11,7";"2762,30";"0,0"
"27/04/2026";"1600";"19,5";"19,5";"18,4";"48,0";"59,0";"46,0";"8,1";"10,5";"7,3";"907,1";"907,7";"907,1";"4,5";"281,0";"10,3";"2919,50";"0,0"
"27/04/2026";"1700";"19,8";"20,1";"19,0";"41,0";"52,0";"41,0";"6,1";"9,5";"5,9";"906,6";"907,1";"906,6";"5,0";"294,0";"10,9";"2721,40";"0,0"
"27/04/2026";"1800";"19,6";"20,4";"19,4";"41,0";"42,0";"34,0";"6,0";"6,9";"3,6";"906,6";"906,7";"906,4";"4,6";"290,0";"10,1";"2283,20";"0,0"
"27/04/2026";"1900";"19,4";"19,9";"19,2";"44,0";"44,0";"34,0";"6,9";"6,9";"3,3";"906,7";"906,7";"906,6";"3,9";"288,0";"8,4";"1667,40";"0,0"
"27/04/2026";"2000";"18,0";"19,6";"18,0";"48,0";"48,0";"41,0";"6,7";"7,4";"5,7";"907,1";"907,2";"906,7";"4,1";"292,0";"8,8";"814,50";"0,0"
"27/04/2026";"2100";"15,6";"18,0";"15,6";"58,0";"60,0";"48,0";"7,5";"8,3";"7,0";"907,5";"907,5";"907,1";"3,6";"290,0";"7,3";"165,60";"0,0"
"27/04/2026";"2200";"13,9";"15,6";"13,8";"63,0";"64,0";"58,0";"6,9";"7,4";"6,9";"907,9";"907,9";"907,5";"2,8";"242,0";"6,0";"";"0,0"
"27/04/2026";"2300";"11,6";"13,9";"11,6";"61,0";"65,0";"61,0";"4,4";"7,0";"4,4";"908,6";"908,6";"907,9";"2,8";"253,0";"5,1";"";"0,0"
"28/04/2026";"0000";"10,1";"11,6";"10,1";"62,0";"64,0";"55,0";"3,1";"4,8";"2,2";"909,3";"909,3";"908,6";"1,4";"286,0";"4,4";"";"0,0"
"28/04/2026";"0100";"10,1";"10,6";"10,0";"59,0";"62,0";"57,0";"2,5";"3,1";"2,1";"909,4";"909,6";"909,3";"3,0";"236,0";"3,6";"";"0,0"
"28/04/2026";"0200";"7,4";"10,1";"7,4";"79,0";"80,0";"59,0";"4,0";"4,2";"2,6";"909,3";"909,5";"909,3";"3,5";"215,0";"4,6";"";"0,0"
"28/04/2026";"0300";"6,6";"7,4";"6,4";"76,0";"82,0";"76,0";"2,6";"4,1";"2,6";"908,9";"909,3";"908,8";"2,9";"219,0";"4,6";"";"0,0"
"28/04/2026";"0400";"6,5";"7,4";"5,8";"71,0";"81,0";"65,0";"1,6";"2,9";"1,2";"909,0";"909,1";"908,9";"0,6";"311,0";"4,1";"";"0,0"
"28/04/2026";"0500";"5,7";"7,3";"5,6";"71,0";"75,0";"65,0";"0,8";"1,6";"0,7";"908,9";"909,0";"908,8";"0,6";"247,0";"2,1";"";"0,0"
"28/04/2026";"0600";"4,2";"6,2";"4,2";"88,0";"88,0";"71,0";"2,3";"2,7";"0,8";"908,6";"908,9";"908,5";"2,3";"210,0";"3,1";"";"0,0"
"28/04/2026";"0700";"4,1";"4,6";"3,9";"87,0";"88,0";"84,0";"2,2";"2,6";"1,8";"908,4";"908,6";"908,4";"2,1";"220,0";"3,1";"";"0,0"
"28/04/2026";"0800";"3,7";"4,6";"3,7";"89,0";"89,0";"80,0";"2,0";"2,5";"0,9";"908,5";"908,5";"908,3";"1,0";"149,0";"2,6";"";"0,0"
"28/04/2026";"0900";"3,4";"3,7";"3,0";"94,0";"94,0";"89,0";"2,4";"2,5";"1,7";"909,1";"909,1";"908,5";"0,7";"89,0";"1,9";"";"0,0"
"28/04/2026";"1000";"3,2";"3,4";"2,4";"";"";"";"";"";"";"909,7";"909,7";"909,1";"0,7";"31,0";"1,7";"6,40";"0,0"
"28/04/2026";"1100";"6,0";"6,1";"3,2";"86,0";"";"86,0";"3,9";"4,9";"2,9";"910,4";"910,4";"909,7";"0,9";"164,0";"1,8";"560,80";"0,0"
"28/04/2026";"1200";"10,0";"10,1";"5,9";"71,0";"86,0";"71,0";"5,0";"5,1";"3,5";"910,9";"910,9";"910,3";"0,9";"81,0";"1,9";"1010,60";"0,0"
"28/04/2026";"1300";"12,3";"12,3";"9,9";"65,0";"72,0";"64,0";"5,8";"6,3";"4,3";"911,2";"911,3";"910,9";"1,6";"66,0";"4,0";"1714,00";"0,0"
"28/04/2026";"1400";"";"";"";"";"";"";"";"";"";"";"";"";"";"";"";"";""
"28/04/2026";"1500";"";"";"";"";"";"";"";"";"";"";"";"";"";"";"";"";""
"28/04/2026";"1600";"";"";"";"";"";"";"";"";"";"";"";"";"";"";"";"";""
"28/04/2026";"1700";"";"";"";"";"";"";"";"";"";"";"";"";"";"";"";"";""
"28/04/2026";"1800";"";"";"";"";"";"";"";"";"";"";"";"";"";"";"";"";""
"28/04/2026";"1900";"";"";"";"";"";"";"";"";"";"";"";"";"";"";"";"";""
"28/04/2026";"2000";"";"";"";"";"";"";"";"";"";"";"";"";"";"";"";"";""
"28/04/2026";"2100";"";"";"";"";"";"";"";"";"";"";"";"";"";"";"";"";""
"28/04/2026";"2200";"";"";"";"";"";"";"";"";"";"";"";"";"";"";"";"";""
"28/04/2026";"2300";"";"";"";"";"";"";"";"";"";"";"";"";"";"";"";"";""